time,open,high,low,close
1490565600,47.587,47.746,46.581,47.31
1490652000,47.38,48.246,47.301,47.924
1490738400,47.985,49.119,47.896,49.109
1490824800,49.125,49.995,48.809,49.853
1490911200,49.855,50.351,49.454,50.336
1491170400,50.286,50.443,49.741,49.83
1491256800,49.866,50.904,49.518,50.696
1491343200,50.811,51.522,50.399,50.45
1491429600,50.466,51.487,50.436,51.366
1491516000,51.382,52.609,51.187,51.955
1491775200,52.041,52.903,52.041,52.879
1491861600,52.895,53.203,52.482,53.161
1491948000,53.177,53.547,52.496,52.595
1492034400,52.646,53.205,52.646,52.708
1492380000,52.872,53.116,52.473,52.629
1492466400,52.675,52.78,52.048,52.272
1492552800,52.288,52.583,50.068,50.525
1492639200,50.585,50.94,50.072,50.246
1492725600,50.271,50.497,48.784,49.197
1492984800,49.288,49.831,48.662,48.809
1493071200,48.844,49.462,48.516,48.985
1493157600,49.006,49.839,48.597,48.844
1493244000,48.87,49.081,47.895,48.857
1493330400,48.932,49.427,48.485,48.845
1493589600,48.891,49.023,48.303,48.421
1493676000,48.481,49,47.094,47.767
1493762400,47.862,47.967,47.055,47.282
1493848800,47.347,47.509,45.068,45.234
1493935200,45.289,46.442,43.55,46.251
1494194400,46.151,46.78,45.542,46.277
1494280800,46.313,46.596,45.356,45.97
1494367200,46.021,47.61,45.85,47.188
1494453600,47.224,48.06,47.195,47.645
1494540000,47.655,47.929,47.215,47.672
1494799200,47.732,49.547,47.633,48.697
1494885600,48.728,49.28,48.061,48.121
1494972000,48.137,49.413,47.948,48.853
1495058400,48.858,49.527,47.986,49.25
1495144800,49.271,50.439,49.241,50.432
1495404000,50.765,51.045,50.38,50.637
1495490400,50.673,51.384,50.212,51.097
1495576800,51.082,51.515,50.684,50.91
1495663200,50.906,51.647,48.14,48.339
1495749600,48.429,49.593,47.875,49.504
1496008800,49.633,50,49.222,49.712
1496095200,49.769,49.776,48.773,49.353
1496181600,49.379,49.439,47.487,48.355
1496268000,48.376,48.922,47.645,47.775
1496354400,47.81,47.961,46.522,47.478
1496613600,47.506,48.216,46.678,47.183
1496700000,46.902,48.191,46.833,47.773
1496786400,47.798,48.05,45.496,45.601
1496872800,45.697,46.021,45.056,45.513
1496959200,45.558,46.035,45.124,45.763
1497218400,45.681,46.597,45.556,45.867
1497304800,45.912,46.471,45.47,45.838
1497391200,45.853,46.395,44.464,44.561
1497477600,44.606,44.731,44.142,44.172
1497564000,44.198,44.873,44.188,44.603
1497823200,44.64,45.026,43.991,44.061
1497909600,44.086,44.437,42.708,43.103
1497996000,43.138,43.959,41.831,42.27
1498082400,42.33,43.091,42.044,42.551
1498168800,42.586,42.984,42.322,42.906
1498428000,42.956,43.447,42.444,43.277
1498514400,43.292,44.254,43.134,43.523
1498600800,43.514,44.687,43.489,44.677
1498687200,44.712,45.265,44.48,44.654
1498773600,44.71,46.157,44.71,46.142
1499032800,46.128,46.943,45.768,46.889
1499119200,46.884,47.169,46.598,46.93
1499205600,46.922,47.095,44.381,45.469
1499292000,45.524,46.397,45.061,45.172
1499378400,45.232,45.297,43.661,44.207
1499637600,44.247,44.752,43.563,44.429
1499724000,44.495,45.695,43.751,45.615
1499810400,45.661,46.385,45.037,45.338
1499896800,45.359,46.203,44.923,46.01
1499983200,46.016,46.671,45.729,46.588
1500242400,46.629,46.832,45.832,45.912
1500328800,45.952,46.882,45.781,46.19
1500415200,46.235,47.253,46.118,47.045
1500501600,47.07,47.532,46.616,46.706
1500588000,46.707,47.008,45.357,45.382
1500847200,45.438,46.325,45.231,46.285
1500933600,46.291,48.464,46.211,48.359
1501020000,48.329,48.692,47.7,48.509
1501106400,48.525,49.068,48.089,48.954
1501192800,48.999,49.641,48.701,49.568
1501452000,49.889,50.43,49.217,50.209
1501538400,50.225,50.454,48.414,48.833
1501624800,48.884,49.689,48.613,49.643
1501711200,49.644,50.013,48.863,48.993
1501797600,49.023,49.697,48.59,49.595
1502056800,49.684,49.771,48.633,49.409
1502143200,49.405,49.876,48.966,49.062
1502229600,49.115,49.799,49.009,49.799
1502316000,49.749,50.306,48.445,48.589
1502402400,48.635,49.073,48.105,48.875
1502661600,48.9,49.269,47.545,47.617
1502748000,47.625,47.973,47.137,47.762
1502834400,47.838,48.081,46.825,46.88
1502920800,46.957,47.32,46.611,47.024
1503007200,47.064,48.878,46.911,48.816
1503266400,48.878,48.878,47.218,47.535
1503352800,47.592,48.212,47.373,47.601
1503439200,47.658,48.52,47.564,48.367
1503525600,48.409,48.465,47.111,47.619
1503612000,47.692,47.963,47.472,47.872
1503871200,48.091,48.227,46.292,46.912
1503957600,46.985,47.089,45.998,46.526
1504044000,46.571,46.965,46.106,46.167
1504130400,46.21,47.78,45.831,47.443
1504216800,47.503,47.698,47.014,47.661
1504476000,47.745,47.947,47.455,47.654
1504562400,47.723,49.228,47.635,48.841
1504648800,48.858,49.667,48.794,49.389
1504735200,49.457,49.625,48.931,49.371
1504821600,49.406,49.568,47.678,47.934
1505080800,48.026,48.655,47.464,48.484
1505167200,48.572,48.866,48.178,48.734
1505253600,48.788,49.775,48.555,49.663
1505340000,49.717,50.849,49.534,50.092
1505426400,50.163,50.589,49.864,50.331
1505685600,50.417,50.847,49.686,50.322
1505772000,50.391,50.828,49.747,50.243
1505858400,50.313,51.129,50.166,50.709
1505944800,50.751,50.851,50.129,50.748
1506031200,50.791,50.844,50.369,50.671
1506290400,50.77,52.342,50.483,52.144
1506376800,52.209,52.487,51.508,52.133
1506463200,52.167,52.425,51.729,52.082
1506549600,52.145,52.942,51.334,51.679
1506636000,51.758,51.895,51.398,51.695
1506895200,51.755,51.814,50.222,50.675
1506981600,50.722,50.881,50.282,50.289
1507068000,50.327,50.812,49.96,50.047
1507154400,50.065,51.398,50.046,50.934
1507240800,50.965,51.046,49.327,49.41
1507500000,49.508,50.016,49.368,49.757
1507586400,49.783,51.291,49.766,51.123
1507672800,51.166,51.631,50.84,51.209
1507759200,51.256,51.358,50.425,50.967
1507845600,51.058,51.985,50.981,51.593
1508104800,51.664,52.622,51.639,52.136
1508191200,52.186,52.492,51.468,52.128
1508277600,52.192,52.55,51.913,52.214
1508364000,52.273,52.392,51.29,51.554
1508450400,51.607,52.075,50.892,52.039
1508709600,52.126,52.318,51.709,51.836
1508796000,51.926,52.616,51.583,52.537
1508882400,52.591,52.591,51.951,52.19
1508968800,52.26,52.899,51.992,52.845
1509055200,52.865,54.228,52.314,54.196
1522015200,65.809,66.477,65.013,65.41
1522101600,65.44,66.34,64.5,64.628
1522188000,64.679,65.088,63.687,64.624
1522274400,64.628,65.201,64.119,64.87
1522620000,64.9,65.37,62.776,62.813
1522706400,62.859,63.785,62.859,63.52
1522792800,63.544,63.591,62.044,63.51
1522879200,63.647,64.092,63.053,63.694
1522965600,63.701,63.759,61.826,61.932
1523224800,61.972,63.59,61.972,63.237
1523311200,63.293,65.763,63.181,65.469
1523397600,65.498,67.36,65.078,66.614
1523484000,66.671,67.214,65.928,67.011
1523570400,67.054,67.621,66.593,67.272
1523829600,67.305,67.614,66.078,66.279
1523916000,66.358,66.691,65.586,66.609
1524002400,66.645,68.856,66.51,68.719
1524088800,68.699,69.501,67.961,68.101
1524175200,68.188,68.598,67.44,68.005
1524434400,68.107,68.973,67.099,68.844
1524520800,68.915,69.302,67.497,67.654
1524607200,67.692,68.111,67.053,67.944
1524693600,67.946,68.719,67.677,68.09
1524780000,68.131,68.291,67.548,67.911
1525039200,68.009,69.275,67.133,68.492
1525125600,68.509,68.817,66.799,67.401
1525212000,67.389,68.03,66.83,67.57
1525298400,67.575,68.486,67.132,68.355
1525384800,68.37,69.861,67.99,69.652
1525644000,69.752,70.736,69.431,69.893
1525730400,69.951,70.296,67.563,69.957
1525816800,69.978,71.274,69.776,71.165
1525903200,71.168,71.798,70.488,71.332
1525989600,71.374,71.552,70.422,70.463
1526248800,70.456,71.216,70.223,71.15
1526335200,71.184,71.918,70.458,71.009
1526421600,71.062,71.643,70.739,71.589
1526508000,71.586,72.331,71.202,71.662
1526594400,71.662,71.83,71.059,71.405
1526853600,71.406,72.631,71.281,72.586
1526940000,72.562,72.843,71.825,72.058
1527026400,72.059,72.193,71.14,71.764
1527112800,71.786,71.895,70.475,70.611
1527199200,70.607,70.722,67.376,67.403
1527458400,67.394,67.466,65.759,66.414
1527544800,66.395,67.293,65.868,66.788
1527631200,66.794,68.57,66.293,68.145
1527717600,68.187,68.187,66.499,67.003
1527804000,66.992,67.248,65.47,65.687
1528063200,65.611,65.987,64.531,64.824
1528149600,64.854,65.498,64.166,65.466
1528236000,65.421,65.913,64.228,64.953
1528322400,65.036,66.023,64.776,65.884
1528408800,65.945,66.156,65.073,65.494
1528668000,65.461,66.275,64.798,65.97
1528754400,66,66.598,65.802,65.936
1528840800,65.944,66.769,65.44,66.475
1528927200,66.475,67.011,66.178,66.812
1529013600,66.779,66.871,64.059,64.117
1529272800,64.119,65.785,63.368,65.634
1529359200,65.657,65.671,64.185,64.824
1529445600,64.845,66.267,64.734,65.248
1529532000,65.261,66.072,64.24,65.62
1529618400,65.679,69.069,65.533,68.96
1529877600,68.383,68.914,67.447,67.898
1529964000,67.859,70.418,67.393,70.22
1530050400,70.232,72.43,70.065,71.686
1530136800,71.597,73.264,71.536,72.538
1530223200,72.528,73.649,72.14,73.43
1530482400,72.683,73.252,71.893,72.768
1530568800,72.729,73.858,71.407,72.798
1530655200,72.786,73.163,72.158,72.76
1530741600,72.843,73.251,71.16,71.693
1530828000,71.622,72.438,70.662,72.35
1531087200,72.288,72.71,71.639,72.651
1531173600,72.593,73.369,72.49,72.992
1531260000,72.963,72.995,68.703,69.458
1531346400,69.392,69.983,68.23,69.462
1531432800,69.469,70.691,68.861,69.566
1531692000,69.462,69.81,66.731,67.122
1531778400,67.103,67.591,66.299,66.656
1531864800,66.611,67.916,66.194,67.83
1531951200,67.775,68.619,66.485,67.838
1532037600,67.748,68.636,67.445,67.899
1532296800,67.841,68.971,67.33,67.565
1532383200,67.509,68.702,67.27,68.436
1532469600,68.361,69.268,67.83,68.896
1532556000,68.964,69.494,68.514,69.118
1532642400,69.148,69.329,67.932,68.618
1532901600,68.566,69.902,68.366,69.536
1532988000,69.473,69.621,67.536,67.902
1533074400,67.889,68.163,66.74,67.222
1533160800,67.159,68.625,66.305,68.242
1533247200,68.2,68.448,67.14,67.95
1533506400,67.893,69.138,67.762,68.204
1533592800,68.168,69.149,68.084,68.495
1533679200,68.472,68.757,65.808,66.266
1533765600,66.243,66.887,66.001,66.142
1533852000,66.155,67.281,65.587,67.156
1534111200,67.131,67.27,65.16,66.792
1534197600,66.773,67.749,65.937,65.995
1534284000,65.885,66.24,63.948,64.372
1534370400,64.384,64.928,63.894,64.798
1534456800,64.809,65.722,64.662,65.165
1534716000,65.156,65.567,64.805,65.371
1534802400,65.345,66.403,65.256,65.99
1534888800,65.988,68.043,65.895,68.01
1534975200,67.971,68.008,67.231,67.756
1535061600,67.77,69.189,67.677,68.388
1535320800,68.445,68.831,68.218,68.775
1535407200,68.791,69.051,68.078,68.36
1535493600,68.381,69.582,68.211,69.512
1535580000,69.538,70.274,69.377,69.814
1535666400,69.821,70.104,69.408,69.654
1535925600,69.662,69.976,69.284,69.895
1536012000,69.87,71.141,68.898,69.166
1536098400,69.22,69.377,68.371,68.425
1536184800,68.432,68.806,66.801,67.688
1536271200,67.708,67.898,66.715,67.694
1536530400,67.677,68.363,67.206,67.392
1536616800,67.39,69.761,67.363,69.662
1536703200,69.654,70.93,69.262,70.07
1536789600,70.011,70.051,68.168,68.613
1536876000,68.626,69.698,67.787,68.752
1537135200,68.762,69.487,68.299,68.498
1537221600,68.552,70.139,68.274,69.422
1537308000,69.431,71.025,69.325,70.97
1537394400,70.912,71.291,69.982,70.112
1537480800,70.133,71.695,69.899,70.61
1537740000,71.123,72.605,71.123,72.168
1537826400,72.137,72.638,71.828,71.988
1537912800,72.009,72.305,71.413,71.952
1537999200,71.939,72.499,71.642,72.098
1538085600,72.104,73.635,71.814,73.432
1538344800,73.232,75.663,72.843,75.346
1538431200,75.318,75.794,74.844,74.952
1538517600,74.982,76.786,74.193,76.09
1538604000,76.104,76.346,73.814,74.55
1538690400,74.565,75.15,74.089,74.208
1538949600,74.378,74.495,72.997,74.114
1539036000,74.123,75.153,73.919,74.538
1539122400,74.582,74.962,72.234,72.51
1539208800,72.566,72.625,70.345,70.857
1539295200,70.859,71.888,70.477,71.34
1539554400,71.756,72.512,70.702,71.536
1539640800,71.539,72.131,70.869,72
1539727200,72.05,72.227,69.372,69.984
1539813600,69.934,69.936,68.506,68.682
1539900000,68.721,69.881,68.586,69.51
1540159200,69.538,69.822,68.465,69.51
1540245600,69.497,69.639,65.763,66.092
1540332000,66.19,67.726,66.07,66.402
1540418400,66.388,67.66,66.047,66.976
1540504800,66.958,67.894,66.218,67.626
1554069600,60.218,61.827,60.212,61.802
1554156000,61.804,62.736,61.619,62.595
1554242400,62.638,62.993,62.027,62.496
1554328800,62.509,62.79,61.939,62.206
1554415200,62.227,63.34,61.868,63.26
1554674400,63.326,64.401,63.138,64.372
1554760800,64.306,64.692,63.64,64.17
1554847200,64.154,64.672,63.992,64.483
1554933600,64.492,64.492,63.351,63.762
1555020000,63.78,64.672,63.708,63.866
1555279200,63.867,63.928,63.143,63.673
1555365600,63.663,64.468,63.12,64.419
1555452000,64.412,64.702,63.741,63.819
1555538400,63.827,64.228,63.542,64.046
1555624800,64.049,64.049,64.049,64.049
1555884000,64.072,65.966,64.07,65.639
1555970400,65.751,66.546,65.545,66.137
1556056800,66.126,66.396,65.657,65.758
1556143200,65.769,66.267,64.912,65.107
1556229600,65.13,65.164,62.294,62.821
1556488800,62.918,63.693,62.483,63.607
1556575200,63.597,64.757,63.304,63.459
1556661600,63.42,63.949,62.801,63.627
1556748000,63.617,63.696,60.972,61.577
1556834400,61.6,62.546,61.338,61.897
1557093600,61.205,62.986,60.091,62.559
1557180000,62.074,62.551,60.712,61.463
1557266400,61.517,62.417,61.131,62.057
1557352800,62.066,62.28,61.002,61.665
1557439200,61.745,62.554,61.503,61.814
1557698400,61.739,63.439,60.774,60.962
1557784800,60.993,62.253,60.836,61.501
1557871200,61.508,62.535,61.031,62.337
1557957600,62.315,63.667,62.297,63.281
1558044000,63.261,63.808,62.693,62.855
1558303200,63.561,63.952,62.6,63.275
1558389600,63.314,63.771,62.785,62.963
1558476000,62.945,62.997,61.029,61.309
1558562400,61.313,61.407,57.335,58.178
1558648800,58.205,59.098,57.497,59.018
1558908000,58.92,59.064,58.149,59.015
1558994400,59.195,59.586,58.681,59.119
1559080800,59.124,59.153,56.948,59.093
1559167200,59.109,59.703,56.366,56.445
1559253600,56.542,56.654,53.107,53.385
1559512800,53.39,54.66,52.16,52.891
1559599200,52.922,53.84,52.483,53.011
1559685600,53.016,53.481,50.683,51.759
1559772000,51.763,53.366,51.263,53.24
1559858400,53.192,54.396,52.681,54.133
1560117600,54.853,54.916,53.146,53.555
1560204000,53.515,54.191,53.106,53.221
1560290400,53.21,53.242,50.916,51.259
1560376800,51.256,53.628,51.112,52.391
1560463200,52.429,53.228,51.911,52.74
1560722400,52.645,52.981,51.752,52.106
1560808800,52.149,54.506,51.669,54.265
1560895200,54.251,54.626,53.497,54.361
1560981600,54.361,57.349,54.342,57.133
1561068000,57.376,57.967,56.644,57.571
1561327200,57.925,58.196,56.748,57.728
1561413600,57.758,58.813,57.192,58.745
1561500000,58.793,59.895,58.648,59.185
1561586400,59.172,59.718,58.58,59.284
1561672800,59.237,59.791,57.754,58.197
1561932000,59.708,60.277,58.347,59.176
1562018400,59.17,59.44,56.113,56.355
1562104800,56.542,57.481,56.063,57.417
1562191200,57.416,57.606,56.513,57.049
1562277600,56.821,57.813,56.339,57.743
1562536800,57.852,58.494,57.361,57.595
1562623200,57.614,58.721,57.382,58.379
1562709600,58.432,60.574,58.419,60.325
1562796000,60.481,60.978,60.185,60.469
1562882400,60.45,60.785,59.999,60.403
1563141600,60.349,60.96,59.291,59.385
1563228000,59.35,60.14,57.165,57.572
1563314400,57.609,58.472,56.346,56.66
1563400800,56.673,57.432,54.834,55.743
1563487200,55.826,56.469,55.118,55.855
1563746400,56.354,57.022,55.771,56.209
1563832800,56.179,57.425,55.732,57.162
1563919200,57.218,57.638,55.339,55.903
1564005600,55.907,56.999,55.827,55.922
1564092000,55.944,56.584,55.716,56.195
1564351200,56.26,57.105,55.843,57.053
1564437600,57.05,58.481,56.985,58.341
1564524000,58.345,58.813,57.811,57.885
1564610400,57.905,58.001,53.617,54.491
1564696800,54.582,56.046,54.161,55.175
1564956000,55.245,55.509,54.21,54.901
1565042400,54.838,55.306,53.257,53.421
1565128800,53.362,53.715,50.484,52.215
1565215200,52.205,52.972,51.831,52.827
1565301600,52.807,54.749,52.294,54.117
1565560800,54.158,55.039,53.453,54.659
1565647200,54.631,57.377,54.122,56.659
1565733600,56.701,56.817,53.943,54.904
1565820000,54.841,55.292,53.752,54.601
1565906400,54.593,55.584,54.188,54.829
1566165600,54.892,56.248,54.745,56.039
1566252000,56.023,56.499,55.082,56.049
1566338400,55.997,57.062,55.5,55.795
1566424800,55.814,56.386,54.796,55.315
1566511200,55.304,55.525,53.198,53.898
1566770400,53.216,55.167,52.91,53.719
1566856800,53.734,55.617,53.619,55.617
1566943200,55.612,56.57,55.241,55.797
1567029600,55.751,56.735,55.297,56.453
1567116000,56.451,56.565,54.44,54.997
1567375200,54.828,55.102,54.206,54.603
1567461600,54.581,54.886,52.754,53.797
1567548000,53.798,56.453,53.712,55.868
1567634400,55.831,57.609,55.641,56.057
1567720800,56.065,56.851,54.758,56.637
1567980000,56.634,58.055,56.485,57.931
1568066400,57.917,58.643,57.103,57.769
1568152800,57.794,58.184,55.531,55.889
1568239200,55.817,56.273,53.93,55.045
1568325600,55.057,55.596,54.343,54.745
1568584800,62.199,63.101,58.569,61.631
1568671200,61.647,62.353,58.239,58.571
1568757600,58.572,59.229,57.542,58.137
1568844000,58.084,59.431,57.962,58.571
1568930400,58.607,59.177,57.873,58.329
1569189600,59.079,59.079,57.326,58.421
1569276000,58.377,58.422,56.653,56.708
1569362400,56.636,56.939,55.56,56.578
1569448800,56.576,56.76,55.344,56.469
1569535200,56.424,56.675,54.699,56.112
1569794400,56.307,56.32,53.928,54.166
1569880800,54.143,54.773,52.991,53.884
1569967200,53.887,54.323,52.09,52.368
1570053600,52.375,52.811,50.915,52.229
1570140000,52.197,53.261,51.98,52.92
1570399200,52.614,53.979,52.518,52.737
1570485600,52.74,53.217,51.773,52.529
1570572000,52.535,53.687,52.302,52.619
1570658400,52.641,53.943,51.369,53.839
1570744800,53.892,54.938,53.66,54.921
1571004000,54.888,54.893,52.837,53.501
1571090400,53.541,53.823,52.446,52.943
1571176800,52.973,53.797,52.587,53.035
1571263200,52.984,54.233,52.713,54.165
1571349600,54.151,54.672,53.418,53.792
1571608800,53.719,54.139,52.849,53.602
1571695200,53.586,54.791,53.22,54.306
1571781600,54.233,56.057,53.62,55.873
1571868000,55.837,56.502,55.41,56.062
1571954400,56.081,56.735,55.602,56.631
1576796400,60.306,60.494,60.211,60.293
1577055600,60.282,60.699,60.044,60.559
1577142000,60.548,61.049,60.406,61.036
1577314800,61.389,61.726,60.979,61.633
1577401200,61.576,61.862,61.149,61.597
1577660400,61.56,62.231,60.973,61.521
1577746800,61.52,61.726,60.51,61.047
1577919600,61.243,61.34,60.509,61.025
1578006000,61.023,63.892,60.969,62.857
1578265200,63.603,64.531,62.48,62.651
1578351600,62.734,62.972,61.956,62.533
1578438000,62.638,65.431,59.012,59.835
1578524400,59.823,60.162,58.554,59.481
1578610800,59.503,59.672,58.786,59.063
1578870000,58.796,59.201,57.916,58.069
1578956400,58.067,58.714,57.701,58.153
1579042800,58.192,58.387,57.392,58.089
1579129200,58.093,58.85,57.564,58.591
1579215600,58.578,58.96,58.291,58.809
1579474800,59.498,59.622,58.544,58.826
1579561200,58.81,58.828,57.692,58.213
1579647600,58.281,58.352,56.01,56.061
1579734000,56.13,56.251,54.77,55.669
1579820400,55.676,55.943,53.849,54.185
1580079600,53.228,53.534,52.134,52.811
1580166000,52.774,54.035,52.682,53.965
1580252400,53.997,54.356,52.829,53.088
1580338800,53.111,53.21,51.693,52.961
1580425200,52.937,53.366,51.029,51.656
1580684400,51.172,51.996,49.879,49.976
1580770800,49.946,51.624,49.415,49.533
1580857200,49.577,51.948,49.577,51.259
1580943600,51.322,52.268,50.35,51.194
1581030000,51.251,51.594,50.232,50.491
1581289200,50.209,50.653,49.564,49.788
1581375600,49.8,50.82,49.798,50.127
1581462000,50.24,51.887,50.224,51.855
1581548400,51.897,52.151,50.797,51.727
1581634800,51.769,52.527,51.538,52.471
1581894000,52.487,52.489,52.037,52.404
1581980400,52.427,52.434,51.164,52.338
1582066800,52.355,53.795,52.172,53.714
1582153200,53.658,54.635,53.458,53.719
1582239600,53.741,53.86,52.57,53.449
1582498800,52.513,52.623,50.467,51.34
1582585200,51.21,52.038,49.724,50.131
1582671600,50.138,50.464,48.329,48.669
1582758000,48.745,48.783,45.946,46.383
1582844400,46.444,47.084,43.931,45.321
1583103600,43.64,47.577,43.582,47.567
1583190000,47.771,48.72,46.541,47.157
1583276400,47.065,48.473,46.729,47.266
1583362800,47.251,47.642,45.731,46.077
1583449200,46.229,46.454,41.19,41.704
1583704800,32.877,35.045,27.669,30.392
1583791200,30.755,35.225,30.452,35.031
1583877600,34.928,36.614,32.861,33.357
1583964000,33.4,33.956,30.408,31.274
1584050400,31.233,34.208,30.749,33.179
1584309600,31.737,31.869,28.412,28.885
1584396000,28.995,30.575,27.033,27.119
1584482400,27.299,27.599,20.517,22.831
1584568800,22.816,28.257,21.843,25.651
1584655200,25.706,28.546,22.57,23.79
1584914400,22.728,24.416,21.159,24.094
1585000800,24.376,25.629,23.625,24.802
1585087200,25.043,25.805,23.672,24.983
1585173600,25.1,25.543,23.36,24.091
1585260000,24.437,24.507,22.291,23.155
1585519200,22.338,22.491,20.975,21.967
1585605600,22.149,23.685,21.94,22.136
1585692000,22.176,22.807,21.847,22.606
1585778400,23.066,28.636,22.529,26.244
1585864800,26.339,30.562,25.36,29.822
1586124000,28.08,30.234,27.136,28.919
1586210400,29.172,30.102,27.055,28.027
1586296800,28.002,29.879,27.793,29.705
1586383200,30.039,32.173,27.425,28.338
1586728800,28.719,29.694,27.362,28.557
1586815200,28.661,29.24,26.535,27.235
1586901600,27.489,27.754,25.422,26.192
1586988000,26.292,26.958,24.798,26.108
1587074400,26.727,26.949,24.68,25.382
1587333600,25.282,25.302,20.72,21.848
1587420000,21.709,23.371,8.12,13.952
1587506400,14.272,17.138,11.745,15.103
1587592800,16.338,19.474,15.058,18.26
1587679200,18.151,19.41,17.184,18.327
1587938400,18.376,18.414,14.007,14.801
1588024800,14.947,15.826,12.985,14.595
1588111200,15.284,18.245,14.757,17.081
1588197600,17.331,20.739,17.301,20.449
1588284000,20.521,21.918,19.588,21.126
1588543200,20.73,22.657,19.744,22.652
1588629600,22.802,25.965,22.571,25.791
1588716000,26.976,27.345,24.006,25.145
1588802400,25.443,27.497,24.033,24.274
1588888800,24.525,25.995,24.406,25.678
1589148000,25.785,26.51,24.588,25.397
1589234400,25.355,26.752,25.024,26.155
1589320800,25.888,26.893,25.197,25.813
1589407200,25.967,28.236,25.535,27.899
1589493600,27.974,29.772,27.54,29.651
1589752800,29.605,33.091,29.594,32.002
1589839200,32.282,32.937,31.185,31.937
1589925600,31.974,33.819,31.639,33.672
1590012000,33.528,34.719,33.357,34.018
1590098400,33.956,34.098,30.846,33.525
1590357600,33.498,34.08,32.56,34.027
1590444000,33.799,34.884,33.481,34.215
1590530400,34.243,34.414,32.331,32.971
1590616800,32.178,34.306,31.153,33.65
1590703200,33.781,35.874,32.522,35.202
1590962400,35.253,35.996,34.43,35.757
1591048800,35.701,37.034,35.446,36.978
1591135200,36.977,38.276,36.066,36.918
1591221600,36.827,37.77,36.557,37.264
1591308000,37.495,39.788,37.224,39.424
1591567200,39.634,40.581,38.131,38.402
1591653600,38.34,39.234,37.241,38.895
1591740000,38.563,40.018,37.907,39.14
1591826400,39.13,39.19,35.62,36.246
1591912800,36.496,37.167,34.699,36.548
1592172000,36.146,37.495,34.613,37.257
1592258400,37.324,39.321,36.632,38.399
1592344800,38.098,38.976,37.455,37.905
1592431200,37.966,39.142,37.39,38.977
1592517600,38.986,40.579,38.499,39.62
1592776800,39.275,40.758,39.144,40.67
1592863200,40.62,41.62,39.756,40.268
1592949600,40.019,40.545,37.344,37.94
1593036000,38.053,39.127,37.135,39.032
1593122400,39.113,39.374,37.833,38.185
1593381600,38.114,39.902,37.573,39.627
1593468000,39.642,40.074,38.881,39.36
1593554400,39.815,40.57,39.06,39.75
1593640800,39.722,40.759,39.5,40.273
1593727200,40.301,40.501,39.869,40.302
1593986400,40.31,41.105,40.209,40.628
1594072800,40.659,40.968,39.947,40.375
1594159200,40.459,41.117,40.341,40.949
1594245600,40.948,41.066,39.384,39.623
1594332000,39.772,40.874,38.712,40.639
1594591200,40.602,40.855,39.703,39.859
1594677600,39.768,40.746,39.277,40.451
1594764000,40.719,41.434,40.289,41.128
1594850400,41.174,41.354,40.672,40.88
1594936800,40.873,41.032,40.174,40.75
1595196000,40.749,41.017,39.974,40.786
1595282400,40.782,42.504,40.745,41.818
1595368800,41.45,42.024,41.156,41.844
1595455200,41.948,42.376,40.853,41.301
1595541600,41.079,41.685,40.694,41.249
1595800800,41.326,41.854,40.534,41.658
1595887200,41.727,41.977,40.92,41.024
1595973600,41.185,41.65,41.015,41.344
1596060000,41.409,41.482,39.086,40.284
1596146400,40.528,40.679,39.803,40.541
1596405600,40.479,41.36,39.735,40.918
1596492000,40.92,42.179,40.298,41.664
1596578400,41.603,43.605,41.586,42.256
1596664800,42.329,42.779,41.788,42.161
1596751200,42.085,42.366,41.243,41.699
1597010400,41.409,42.468,41.407,42.19
1597096800,42.119,43.088,41.684,41.699
1597183200,41.838,43.113,41.74,42.798
1597269600,42.765,43.059,42.322,42.548
1597356000,42.576,42.812,41.901,42.416
1597615200,42.438,43.215,42.085,43.088
1597701600,43.022,43.283,42.4,42.827
1597788000,42.803,43.218,42.562,43.003
1597874400,42.927,42.986,41.668,42.794
1597960800,42.779,42.984,41.496,42.304
1598220000,42.405,42.918,42.28,42.478
1598306400,42.458,43.624,42.435,43.421
1598392800,43.461,43.845,43.088,43.461
1598479200,43.585,43.585,42.463,43.082
1598565600,43.075,43.51,42.819,43.101
1598824800,43.066,43.696,42.668,42.884
1598911200,42.982,43.543,42.866,43.035
1598997600,43.169,43.357,41.413,41.739
1599084000,41.745,41.978,40.432,41.482
1599170400,41.45,42.06,39.589,39.738
1599429600,39.604,39.763,38.783,39.397
1599516000,39.399,39.571,36.408,37.16
1599602400,37.065,38.66,36.476,38.201
1599688800,38.05,38.419,37.201,37.289
1599775200,37.283,38.037,36.934,37.715
1600034400,37.557,37.9,37.055,37.509
1600120800,37.532,38.771,37.302,38.476
1600207200,38.594,40.525,38.579,40.398
1600293600,40.406,41.455,39.649,41.269
1600380000,41.193,41.711,40.515,41.044
1600639200,41.084,41.486,38.89,39.887
1600725600,39.818,40.272,39.215,39.784
1600812000,39.641,40.768,39.295,39.583
1600898400,39.673,40.405,39.17,40.256
1600984800,40.214,40.68,39.777,40.105
1601244000,40.074,40.857,39.849,40.635
1601330400,40.627,40.769,38.506,39.109
1601416800,39.248,40.448,38.776,40.05
1601503200,40.007,40.55,37.742,38.793
1601589600,38.714,38.779,36.769,37.12
1601848800,37.176,39.828,37.166,39.488
1601935200,39.515,40.986,39.251,40.262
1602021600,39.866,40.499,39.454,40.218
1602108000,40.193,41.502,39.943,41.421
1602194400,41.364,41.653,40.602,40.749
1602453600,40.604,40.683,39.264,39.745
1602540000,39.722,40.733,39.597,40.437
1602626400,40.408,41.38,40.081,41.267
1602712800,41.405,41.533,39.49,41.258
1602799200,41.091,41.284,40.332,40.974
1603058400,40.977,41.445,40.772,40.81
1603144800,40.953,41.893,40.481,41.52
1603231200,41.204,41.608,39.809,40.062
1603317600,39.949,41.051,39.751,40.683
1603404000,40.648,40.963,39.612,39.806
1603663200,39.744,39.786,38.359,38.598
1603749600,38.688,39.902,38.601,38.952
1603836000,38.952,39.108,37.088,37.41
1603922400,37.481,37.874,35.057,36.157
1604008800,36.19,36.724,35.356,35.806
1604271600,35.139,37.302,33.799,37.233
1604358000,37.199,38.457,36.741,38.018
1604444400,38.287,39.404,37.418,39.114
1604530800,39.289,39.523,38.453,38.698
1604617200,38.722,38.775,37.272,37.64
1604876400,37.622,41.516,37.398,39.965
1604962800,40.071,42.003,39.625,41.922
1605049200,41.971,43.252,41.526,41.555
1605135600,41.724,42.386,41.057,41.082
1605222000,41.155,41.155,40.262,40.262
1605481200,40.501,42.305,40.366,41.594
1605567600,41.618,41.892,40.779,41.504
1605654000,41.5,42.654,41.29,41.722
1605740400,41.804,42.129,41.258,41.816
1605826800,41.858,42.531,41.605,42.388
1606086000,42.463,43.348,42.3,42.793
1606172400,42.854,45.207,42.854,44.808
1606258800,44.837,46.281,44.756,45.859
1606345200,45.939,46.111,44.768,44.867
1606431600,44.919,45.714,44.602,45.695
1606690800,45.695,45.845,44.483,45.077
1606777200,45.167,45.739,44.188,44.399
1606863600,44.408,45.948,43.981,44.986
1606950000,44.986,45.89,44.713,45.658
1607036400,45.696,46.728,45.678,46.123
1607295600,46.327,46.614,45.446,45.7
1607382000,45.787,46.02,45.233,45.676
1607468400,45.708,46.349,45.072,45.777
1607554800,45.785,47.823,45.656,47.047
1607641200,47.101,47.401,46.464,46.597
1607900400,46.801,47.536,45.847,47.13
1607986800,47.104,47.854,46.684,47.694
1608073200,47.729,48.08,47.314,48.034
1608159600,48.048,48.772,47.982,48.524
1608246000,48.561,49.407,48.255,49.204
1608505200,49.088,49.123,46.246,47.821
1608591600,47.857,47.955,46.591,46.756
1608678000,46.793,48.496,46.166,48.038
1608764400,48.056,48.616,47.577,48.255
1609110000,48.06,48.975,47.537,47.695
1609196400,47.778,48.375,47.716,48.086
1609282800,48.151,48.688,47.659,48.3
1609369200,48.338,48.602,47.802,48.442
1609714800,48.232,49.865,47.231,47.377
1609801200,47.431,50.212,47.313,49.836
1609887600,49.85,50.93,49.493,50.485
1609974000,50.474,51.266,50.394,50.894
1610060400,50.929,52.705,50.822,52.663
1610319600,52.609,52.65,51.48,52.146
1610406000,52.158,53.416,52.047,53.251
1610492400,53.323,53.907,52.579,52.852
1610578800,52.851,53.747,52.277,53.696
1610665200,53.728,53.831,51.861,52.063
1610924400,52.031,52.57,51.785,52.133
1611010800,52.165,53.139,52.163,52.952
1611097200,53.018,53.768,52.793,52.888
1611183600,52.861,53.361,52.698,52.956
1611270000,53.069,53.107,51.4,51.918
1611529200,52.044,52.881,51.77,52.788
1611615600,52.822,53.176,52.24,52.658
1611702000,52.718,53.22,51.795,52.534
1611788400,52.576,53.482,51.997,51.997
1611874800,52.04,53.165,51.872,52.039
1612134000,51.969,53.625,51.579,53.408
1612220400,53.366,55.136,53.36,54.914
1612306800,54.993,56.183,54.698,55.798
1612393200,55.8,56.45,55.186,56.308
1612479600,56.339,57.137,56.334,56.896
1612738800,56.908,58.002,56.863,57.943
1612825200,57.968,58.488,57.164,58.242
1612911600,58.291,58.765,57.967,58.239
1612998000,58.261,58.554,57.734,57.772
1613084400,57.802,59.7,57.29,59.556
1613343600,59.865,60.759,59.865,60.025
1613430000,60.155,60.269,59.319,60.121
1613516400,60.211,61.697,59.535,61.657
1613602800,61.657,62.222,59.769,60.204
1613689200,60.11,60.263,58.547,58.952
1613948400,58.808,62.144,58.784,62.096
1614034800,62.022,62.903,60.6,61.098
1614121200,61.137,63.406,60.883,63.35
1614207600,63.334,63.691,62.567,63.317
1614294000,63.288,63.419,61.22,61.481
1614553200,61.878,62.779,59.859,60.074
1614639600,60.156,61.082,59.279,59.333
1614726000,59.367,61.846,59.142,60.914
1614812400,60.961,64.697,60.405,63.853
1614898800,63.88,66.263,63.659,66.127
1615158000,66.927,67.831,64.458,64.546
1615244400,64.661,65.875,63.603,63.746
1615330800,63.824,64.884,63.072,64.606
1615417200,64.63,66.15,64.473,65.825
1615503600,65.913,66.181,65.371,65.53
1615759200,65.607,66.404,64.18,65.246
1615845600,65.322,65.441,63.842,64.953
1615932000,64.897,65.37,63.615,64.399
1616018400,64.353,64.84,58.299,59.536
1616104800,59.605,61.749,58.984,61.425
1616364000,61.523,61.989,60.304,61.229
1616450400,61.19,61.305,57.217,57.345
1616536800,57.387,61.299,57.281,60.79
1616623200,60.771,60.827,57.423,58.293
1616709600,58.422,61.319,58.302,60.692
1616968800,60.808,61.73,59.391,61.536
1617055200,61.752,62.214,59.932,60.38
1617141600,60.414,61.143,58.847,59.297
1617228000,59.435,61.717,58.872,61.238
1617573600,61.163,61.38,57.634,58.741
1617660000,58.807,60.864,58.61,59.352
1617746400,59.284,60.028,58.126,59.618
1617832800,59.513,59.811,58.821,59.741
1617919200,59.754,59.914,59.102,59.342
1618178400,59.369,60.758,58.743,59.691
1618264800,59.689,60.598,59.649,60.39
1618351200,60.475,63.474,60.407,62.953
1618437600,62.866,63.589,62.585,63.375
1618524000,63.352,63.903,62.857,63.167
1618783200,63.012,63.657,62.641,63.493
1618869600,63.486,64.329,61.469,62.574
1618956000,62.387,62.515,60.832,61.021
1619042400,61.098,61.815,60.576,61.567
1619128800,61.608,62.364,61.202,62.076
1619388000,62.033,62.236,60.611,61.87
1619474400,61.897,63.215,61.847,63.123
1619560800,62.959,64.43,62.593,63.713
1619647200,63.621,65.368,63.568,64.838
1619733600,64.797,64.856,63.02,63.403
1619992800,63.491,64.594,62.854,64.38
1620079200,64.414,65.761,64.223,65.674
1620165600,66.192,66.674,64.873,65.269
1620252000,65.237,65.914,64.46,64.789
1620338400,64.846,65.181,63.87,64.797
1620597600,65.326,65.718,63.931,64.79
1620684000,64.905,65.449,63.689,65.333
1620770400,65.443,66.601,64.946,65.843
1620856800,65.779,65.799,63.095,63.747
1620943200,63.79,65.395,63.341,65.319
1621202400,65.419,66.387,64.816,66.332
1621288800,66.305,66.973,64.105,65.478
1621375200,65.273,65.303,61.926,63.338
1621461600,63.303,63.89,61.63,61.93
1621548000,61.848,63.992,61.499,63.764
1621807200,63.704,66.049,63.557,65.874
1621893600,65.911,66.393,65.304,65.76
1621980000,65.888,66.313,65.153,66.058
1622066400,66.047,66.773,65.36,66.658
1622152800,66.746,67.39,66.056,66.484
1622412000,66.52,67.284,66.285,66.749
1622498400,66.889,68.739,66.767,67.788
1622584800,67.865,68.851,67.658,68.633
1622671200,68.651,69.251,68.045,68.75
1622757600,68.761,69.583,68.18,69.224
1623016800,69.257,69.819,68.759,69.074
1623103200,69.123,70.091,68.321,70.076
1623189600,69.822,70.453,69.305,69.533
1623276000,69.604,70.472,68.521,69.963
1623362400,69.931,70.899,69.479,70.542
1623621600,70.474,71.426,70.448,70.805
1623708000,70.866,72.03,70.541,72.002
1623794400,72.128,72.718,71.578,71.593
1623880800,71.434,72.066,69.527,70.671
1623967200,70.686,71.749,69.81,71.216
1624226400,71.052,73.116,70.667,72.983
1624312800,72.822,73.268,72.296,72.7
1624399200,72.72,74.02,72.617,73.055
1624485600,73.034,73.372,72.118,73.055
1624572000,73.06,73.903,72.616,73.726
1624831200,73.731,74.138,72.337,72.58
1624917600,72.428,73.458,71.659,73.073
1625004000,73.109,73.776,72.452,73.15
1625090400,73.101,75.671,72.973,74.469
1625176800,74.46,75.026,73.895,74.741
1625436000,74.707,75.794,74.255,75.674
1625522400,75.727,76.377,72.417,73.224
1625608800,73.237,74.283,70.597,71.343
1625695200,71.733,72.601,70.257,72.546
1625781600,72.636,74.11,72.095,73.971
1626040800,74.03,74.238,72.532,73.582
1626127200,73.599,74.907,73.107,74.746
1626213600,74.549,74.89,71.738,72.285
1626300000,72.383,72.458,70.99,71.186
1626386400,71.086,71.971,70.108,71.294
1626645600,71.188,71.299,65.48,66.249
1626732000,66.48,67.486,64.959,67.296
1626818400,66.542,70.343,66.37,70.04
1626904800,70.028,71.829,69.67,71.488
1626991200,71.566,71.907,71.185,71.819
1627250400,71.888,72.18,70.343,71.956
1627336800,71.979,72.104,70.897,71.602
1627423200,71.644,72.336,71.466,71.967
1627509600,72.112,73.362,71.973,73.298
1627596000,73.064,73.861,72.601,73.367
1627855200,73.442,73.509,70.214,70.991
1627941600,71.166,71.551,68.863,70.29
1628028000,70.087,70.475,67.637,67.679
1628114400,67.788,69.076,67.333,68.947
1628200800,68.867,69.938,67.65,67.968
1628460000,67.081,67.392,65.008,66.574
1628546400,66.6,68.678,66.328,68.2
1628632800,68.298,69.176,66.475,69.091
1628719200,69.13,69.396,68.239,68.708
1628805600,68.716,68.977,67.546,67.748
1629064800,67.731,68.01,65.506,67.175
1629151200,67.167,67.435,66.065,66.488
1629237600,66.301,67.187,64.496,64.633
1629324000,64.351,64.511,62.362,63.834
1629410400,63.575,63.947,61.84,61.847
1629669600,61.711,65.892,61.708,65.347
1629756000,65.403,67.695,65.316,67.571
1629842400,67.474,68.421,66.821,68.185
1629928800,67.901,68.164,66.888,67.688
1630015200,67.646,68.877,67.358,68.613
1630274400,69.262,69.468,67.586,68.927
1630360800,68.957,69.182,68.057,68.322
1630447200,68.384,69.079,66.989,68.098
1630533600,68.085,70.41,67.666,69.539
1630620000,69.59,70.339,68.942,69.085
1630879200,69.069,69.303,68.097,68.591
1630965600,68.672,69.23,67.478,68.144
1631052000,68.143,69.531,68.112,69.12
1631138400,69.136,69.654,67.376,67.752
1631224800,67.733,69.721,67.484,69.374
1631484000,69.371,70.697,69.271,70.382
1631570400,70.384,70.958,69.744,70.138
1631656800,70.496,72.856,70.408,72.356
1631743200,72.369,72.69,71.277,72.355
1631829600,72.253,72.439,70.982,71.799
1632088800,71.688,71.844,69.651,70.679
1632175200,70.365,71.389,69.324,70.565
1632261600,70.757,72.203,70.546,71.883
1632348000,71.838,73.374,71.513,73.122
1632434400,73.116,74.119,72.691,73.826
1632693600,73.8,75.584,73.8,75.353
1632780000,75.236,76.485,74.21,74.603
1632866400,74.196,75.588,73.533,74.377
1632952800,74.614,75.872,72.968,74.753
1633039200,74.893,75.792,74.036,75.571
1633298400,75.78,78.179,75.132,77.359
1633384800,77.366,79.204,77.257,78.987
1633471200,78.739,79.496,76.575,76.782
1633557600,76.737,78.595,74.721,78.56
1633644000,78.489,79.711,78.284,78.997
1633903200,79.062,81.256,79.058,79.928
1633989600,79.938,80.875,78.937,79.879
1634076000,79.864,80.399,78.822,79.92
1634162400,79.923,81.132,79.797,80.852
1634248800,80.901,81.943,80.842,81.654
1634508000,81.913,83.108,81.135,81.491
1634594400,81.45,82.864,80.974,82.121
1634680800,82.279,83.306,80.636,83.126
1634767200,83.322,83.684,80.58,82.426
1634853600,82.313,83.764,81.477,83.764
1635112800,83.65,84.95,83.047,83.094
1635199200,83.364,84.396,82.629,84.158
1635285600,83.889,84.007,81.603,81.607
1635372000,81.722,82.59,80.093,82.577
1635458400,82.443,82.884,80.816,82.552
1635717600,82.439,83.945,81.881,82.995
1635804000,82.954,83.537,82.121,82.195
1635890400,82.203,82.203,78.977,79.319
1635976800,79.415,82.504,77.581,78.575
1636063200,78.596,80.883,78.124,80.307
1636326000,80.415,81.735,80.415,81.244
1636412400,81.163,83.327,80.805,83.263
1636498800,83.171,83.563,79.735,80.157
1636585200,80.266,81.11,79.122,80.126
1636671600,80.141,80.445,78.746,79.606
1636930800,79.814,80.057,78.306,79.808
1637017200,79.763,80.643,78.948,79.547
1637103600,79.471,79.62,76.863,77.364
1637190000,77.357,78.665,76.339,78.171
1637276400,78.124,79.167,74.97,75.523
1637535600,75.065,76.99,74.605,76.302
1637622000,76.254,78.67,75.128,78.313
1637708400,78.217,78.998,77.796,78.093
1637794800,78.118,78.441,77.569,78.076
1637881200,77.873,77.932,67.268,68.06
1638140400,69.526,72.718,68.693,69.843
1638226800,69.919,71.022,64.285,66.774
1638313200,66.873,69.302,64.702,65.503
1638399600,65.487,67.307,62.305,67.186
1638486000,67.429,69.026,65.487,66.113
1638745200,66.989,69.99,66.67,69.854
1638831600,69.535,72.789,69.49,71.498
1638918000,71.635,72.781,70.749,72.448
1639004400,72.364,73.144,70.241,70.442
1639090800,70.491,72.157,70.173,71.775
1639350000,71.878,72.801,70.521,70.887
1639436400,70.879,71.769,69.307,70.024
1639522800,70.079,71.424,69.187,71.221
1639609200,71.251,72.688,70.83,71.686
1639695600,71.706,71.984,69.682,70.015
1639954800,69.528,69.528,66.078,69.124
1640041200,69.123,71.451,68.485,71.172
1640127600,71.184,72.974,70.726,72.864
1640214000,72.93,73.818,72.119,73.589
1640559600,73.183,75.902,72.431,75.747
1640646000,75.792,76.732,75.348,75.804
1640732400,75.915,77.177,75.187,76.369
1640818800,76.356,77.231,75.585,76.233
1640905200,76.373,76.842,74.756,75.225
1641164400,75.607,76.245,74.097,75.802
1641250800,75.832,77.461,75.526,76.917
1641337200,76.962,78.267,76.298,76.847
1641423600,76.745,79.729,76.388,79.148
1641510000,79.098,79.947,78.135,78.513
1641769200,78.519,78.996,77.408,77.946
1641855600,77.954,81.014,77.883,80.738
1641942000,80.746,82.448,80.586,82.112
1642028400,82.148,82.288,80.897,81.173
1642114800,81.194,83.747,81.066,83.62
1642374000,83.698,84.064,82.907,83.683
1642460400,83.64,85.888,83.511,85.784
1642546800,85.777,86.651,84.861,84.872
1642633200,84.876,86.9,84.056,84.296
1642719600,84.616,85.338,82.592,84.583
1642978800,84.75,85.833,81.675,83.824
1643065200,83.871,85.359,82.732,84.808
1643151600,84.853,87.454,84.607,86.677
1643238000,86.561,87.977,85.706,86.727
1643324400,86.867,88.186,85.85,86.659
1643583600,86.963,87.585,85.691,87.322
1643670000,87.277,87.963,85.712,87.433
1643756400,87.396,88.717,86.222,87.091
1643842800,87.011,89.314,85.826,89.025
1643929200,88.922,91.744,88.843,90.614
1644188400,90.473,91.485,89.576,90.5
1644274800,90.399,90.464,87.431,88.663
1644361200,88.714,89.456,87.391,88.977
1644447600,88.922,90.492,88.045,88.823
1644534000,88.773,92.967,87.956,92.181
1644793200,91.999,93.981,90.573,92.949
1644879600,92.847,93.218,88.983,90.259
1644966000,90.361,93.03,88.179,88.846
1645052400,89.046,91.357,88.706,89.854
1645138800,89.796,90.842,87.246,90.372
1645398000,90.966,92.494,88.892,92.478
1645484400,93.647,94.621,90.794,91.316
1645570800,91.431,93.548,90.356,91.928
1645657200,92.319,99.96,90.948,92.483
1645743600,92.764,95.015,89.536,91.351
1646002800,94.749,98.229,93.689,94.988
1646089200,95.111,105.139,94.439,104.897
1646175600,105.578,110.772,103.643,109.718
1646262000,109.391,114.513,104.679,106.401
1646348400,106.093,114.025,105.592,113.027
1646607600,119.355,124.947,113.297,118.132
1646694000,118.114,126.347,114.807,122
1646780400,121.977,123.846,100.503,106.727
1646866800,107.52,111.8,102.979,103.256
1646953200,103.545,107.68,101.801,106.466
1647208800,105.13,105.479,97.912,100.246
1647295200,100.735,100.735,92.278,93.552
1647381600,94.058,97.906,92.588,93.7
1647468000,94.534,102.622,93.596,101.813
1647554400,101.813,104.47,100.8,102.982
1647813600,104.044,110.683,104.032,110.386
1647900000,110.193,112.834,106.662,108.101
1647986400,108.728,114.724,107.796,113.547
1648072800,113.814,115.798,109.835,110.279
1648159200,110.633,113.193,107.745,111.586
1648418400,109.782,110.822,101.92,102.408
1648504800,102.55,106.709,97.682,104.082
1648591200,104.019,107.665,103.487,106.256
1648677600,106.319,106.657,98.696,100.085
1648764000,100.565,100.575,96.869,98.5
1649023200,98.198,102.998,97.258,102.531
1649109600,102.67,104.508,99.016,100.28
1649196000,100.268,102.971,95.12,96.17
1649282400,97.334,98.095,93.312,96.37
1649368800,96.529,98.197,94.739,97.248
1649628000,97.177,97.88,92.601,94.621
1649714400,94.82,100.804,94.502,100.343
1649800800,100.223,103.969,99.396,103.457
1649887200,103.679,106.949,101.673,105.785
1650232800,106.511,109.073,105.344,106.702
1650319200,106.709,108.166,101.385,102.072
1650405600,102.304,103.796,99.751,102.082
1650492000,102.344,105.206,101.859,103.628
1650578400,103.661,103.976,100.818,101.172
1650837600,100.955,100.959,95.02,98.176
1650924000,98.279,102.305,96.782,101.117
1651010400,101.361,102.44,99.356,101.326
1651096800,101.46,104.862,99.49,104.157
1651183200,104.163,107.026,103.004,103.167
1651442400,103.04,104.985,99.505,103.974
1651528800,104.006,104.807,101.243,102.382
1651615200,102.534,107.583,102.001,106.354
1651701600,106.504,110.286,105.472,107.36
1651788000,107.448,109.983,106.177,109.33
1652047200,109.116,109.323,101.128,101.143
1652133600,102.095,103.035,97.872,98.172
1652220000,98.03,104.993,97.132,103.98
1652306400,104.364,105.753,101.282,104.894
1652392800,105.025,108.888,104.75,108.201
1652652000,108.84,112.524,106.317,111.448
1652738400,111.496,113.138,108.907,110.49
1652824800,110.591,112.19,105.896,106.475
1652911200,106.422,109.801,102.947,108.709
1652997600,108.725,110.512,107.643,109.656
1653256800,109.789,111.203,108.536,109.909
1653343200,109.583,110.716,107.886,109.472
1653429600,109.47,110.795,108.443,109.804
1653516000,109.708,113.741,109.283,113.137
1653602400,113.012,114.104,111.712,113.784
1653861600,113.903,116.023,113.889,115.675
1653948000,116.042,118.62,112.914,113.913
1654034400,114.103,116.385,113.149,113.351
1654120800,113.496,116.237,109.892,115.94
1654207200,115.887,118.768,113.662,118.292
1654466400,119.013,119.114,115.956,117.689
1654552800,117.369,118.664,115.61,118.031
1654639200,118.112,121.307,117.54,120.533
1654725600,120.528,120.813,118.932,119.385
1654812000,119.444,120.509,116.149,118.098
1655071200,117.643,119.814,115.109,118.454
1655157600,118.496,120.969,114.242,116.252
1655244000,116.273,116.851,112.319,113.422
1655330400,113.612,115.529,110.292,114.356
1655416800,114.501,116.261,106.141,108.484
1655676000,108.633,109.069,106.553,108.771
1655762400,108.501,110.778,108.336,109.192
1655848800,109.032,109.234,101.098,103.79
1655935200,104.072,106.4,101.754,103.201
1656021600,103.088,107.577,102.744,106.047
1656280800,106.013,109.364,104.44,108.577
1656367200,108.723,111.015,108.446,110.57
1656453600,110.472,112.676,107.925,108.283
1656540000,108.225,109.057,103.859,104.557
1656626400,104.582,107.609,103.062,106.635
1656885600,107.064,109.001,105.546,108.613
1656972000,108.588,109.489,95.678,97.691
1657058400,98.654,100.123,93.149,95.645
1657144800,95.645,101.855,94.003,99.638
1657231200,99.705,102.734,99.138,102.294
1657490400,101.767,102.564,98.458,101.017
1657576800,100.839,100.907,93.163,93.307
1657663200,93.307,95.564,91.312,94.023
1657749600,93.947,94.556,88.288,93.559
1657836000,93.366,96.002,91.572,94.216
1658095200,94.489,99.428,92.715,98.608
1658181600,98.452,100.662,96.219,99.993
1658268000,99.712,100.257,97.705,99.291
1658354400,99.312,99.317,94.067,95.979
1658440800,95.819,97.321,93.633,94.473
1658700000,94.287,96.292,92.382,95.719
1658786400,95.546,98.212,94.09,94.708
1658872800,94.937,97.796,93.565,97.275
1658959200,97.288,99.004,95.282,96.462
1659045600,96.435,100.898,95.548,97.338
1659304800,97.513,97.617,91.654,93.214
1659391200,92.964,95.687,91.775,93.089
1659477600,93.147,95.832,89.828,90.292
1659564000,90.434,91.247,86.957,87.064
1659650400,87.361,90.04,86.347,87.818
1659909600,87.714,90.261,86.595,89.792
1659996000,89.944,91.951,88.398,89.774
1660082400,89.845,91.753,87.125,90.895
1660168800,90.918,94.284,90.627,93.205
1660255200,93.329,94.101,90.567,91.183
1660514400,91.416,91.486,86.294,87.237
1660600800,87.402,90.066,85.347,86.593
1660687200,86.709,88.604,85.429,86.768
1660773600,86.988,90.957,86.827,89.877
1660860000,89.984,91.601,87.864,89.465
1661119200,89.207,90.94,86.208,90.401
1661205600,90.401,94.058,90.338,93.548
1661292000,93.548,95.205,92.651,95.115
1661378400,95.132,95.566,92.139,92.778
1661464800,92.924,93.838,90.905,92.585
1661724000,92.669,96.942,91.993,96.48
1661810400,96.509,97.223,90.286,91.902
1661896800,91.997,92.422,88.047,88.468
1661983200,88.507,89.287,85.727,85.999
1662069600,86.125,89.296,86.005,86.794
1662328800,87.184,90.096,86.757,88.655
1662415200,88.74,89.193,85.948,86.571
1662501600,86.607,87.411,81.269,81.297
1662588000,81.637,83.816,80.915,82.253
1662674400,82.408,86.737,82.346,85.601
1662933600,85.805,88.67,84.762,87.597
1663020000,87.71,88.897,84.655,87.086
1663106400,87.344,89.615,85.732,88.378
1663192800,88.393,88.661,84.061,84.534
1663279200,84.544,86.099,83.783,84.842
1663538400,84.72,85.768,81.662,84.898
1663624800,84.888,85.989,82.903,84.116
1663711200,84.107,86.503,82.376,82.873
1663797600,82.918,85.824,82.25,83.332
1663884000,83.426,83.754,77.971,79.147
1664143200,79.058,80.094,76.018,76.078
1664229600,76.231,79.223,76.173,77.635
1664316000,77.79,81.911,76.212,81.447
1664402400,81.456,82.475,79.896,81.16
1664488800,81.204,82.096,78.716,79.25
1664748000,80.792,83.99,80.669,82.751
1664834400,82.725,86.33,82.662,85.702
1664920800,85.766,87.754,84.815,87.37
1665007200,87.352,88.422,86.4,88.299
1665093600,88.596,92.324,87.345,92.194
1665352800,92.097,92.597,89.555,89.794
1665439200,89.934,90.34,86.773,87.413
1665525600,87.347,88.819,85.175,85.952
1665612000,86.003,88.47,84.489,88.071
1665698400,88.071,88.543,84.246,84.545
1665957600,84.526,86.144,83.67,84.646
1666044000,84.817,85.45,81.236,82.727
1666130400,82.734,84.886,81.601,84.58
1666216800,84.633,86.906,83.97,84.593
1666303200,84.755,85.633,82.918,84.949
1666562400,84.867,85.578,82.362,84.45
1666648800,84.549,85.706,82.778,84.659
1666735200,84.737,87.978,83.807,87.705
1666821600,87.799,89.272,86.85,88.537
1666908000,88.076,88.218,86.548,87.615
1667167200,88.005,88.01,84.748,85.651
1667253600,85.805,88.814,85.339,87.921
1667340000,88.027,89.654,87.09,88.655
1667426400,88.704,88.956,86.936,87.293
1667512800,87.198,92.059,87.149,91.781
1667775600,90.015,92.891,89.626,91.096
1667862000,91.115,91.358,87.834,87.952
1667948400,87.719,88.47,84.84,84.948
1668034800,85.167,86.602,84.02,85.474
1668121200,85.464,89.305,85.458,88.122
1668380400,88.188,89.07,84.542,84.555
1668466800,84.645,88.044,83.522,86.161
1668553200,86.181,86.862,83.646,84.687
1668639600,84.648,84.798,81.127,81.759
1668726000,81.863,82.357,77.567,80.154
1668985200,80.112,80.418,75.24,80.173
1669071600,80.211,82.264,79.785,80.995
1669158000,81.008,81.854,76.826,77.417
1669244400,77.471,78.198,76.911,78.133
1669330800,77.982,79.863,76.233,76.307
1669590000,76.385,77.82,73.622,76.504
1669676400,76.641,79.587,76.3,78.869
1669762800,78.978,81.361,78.396,80.473
1669849200,80.515,83.266,79.953,81.298
1669935600,81.37,82.111,79.659,80.307
1670194800,80.059,82.706,76.828,77.39
1670281200,77.362,77.947,73.525,74.558
1670367600,74.651,75.454,71.953,72.514
1670454000,72.522,75.214,71.202,71.815
1670540400,71.949,72.938,70.241,71.663
1670799600,71.95,73.967,70.414,73.332
1670886000,73.378,76.274,73.272,75.156
1670972400,75.234,77.729,74.92,77.357
1671058800,77.334,77.792,75.403,76.322
1671145200,76.341,76.539,73.389,74.59
1671404400,74.415,76.566,74.006,75.785
1671490800,75.73,76.878,74.43,75.934
1671577200,75.959,78.562,75.767,78.337
1671663600,78.379,79.822,76.99,78.144
1671750000,78.158,80.24,77.917,79.303
1672095600,80.07,81.154,79.154,79.834
1672182000,79.85,79.882,77.335,78.836
1672268400,78.814,78.837,76.829,78.699
1672354800,78.738,80.621,77.737,80.481
1672700400,80.598,81.523,76.713,77.274
1672786800,77.243,77.48,72.875,73.3
1672873200,73.312,75.028,72.607,74.022
1672959600,74.094,75.623,73.405,73.826
1673218800,73.97,76.867,73.854,75.028
1673305200,75.072,76.085,74.05,74.853
1673391600,74.958,77.965,74.478,77.854
1673478000,77.851,79.315,77.285,78.461
1673564400,78.521,80.326,78.181,80.245
1673823600,80.339,80.397,78.764,79.089
1673910000,79.102,81.472,78.913,81.249
1673996400,81.221,82.633,79.199,79.367
1674082800,79.383,81.466,78.434,80.79
1674169200,80.871,81.893,79.904,81.687
1674428400,81.828,82.647,81.068,81.615
1674514800,81.676,82.257,79.706,80.258
1674601200,80.294,81.264,79.501,80.456
1674687600,80.467,82.175,79.984,81.132
1674774000,81.268,82.525,79.117,79.421
1675033200,80.145,80.574,77.762,77.862
1675119600,78.05,79.349,76.665,79.126
1675206000,79.208,79.841,76.186,76.785
1675292400,76.853,77.368,75.128,76.093
1675378800,76.065,78.142,73.294,73.378
1675638000,73.454,74.718,72.452,74.615
1675724400,74.804,77.708,74.569,77.676
1675810800,77.616,78.697,77.241,78.581
1675897200,78.584,78.967,76.684,77.749
1675983600,77.739,80.438,77.601,79.879
1676242800,80.137,80.725,78.618,79.284
1676329200,79.274,79.776,77.667,78.963
1676415600,79.009,79.333,77.444,78.671
1676502000,78.675,79.726,78.16,78.231
1676588400,78.376,78.473,75.31,76.528
1676847600,76.702,77.72,76.296,77.374
1676934000,77.342,77.617,75.902,76.147
1677020400,76.12,76.542,73.825,73.855
1677106800,73.945,75.994,73.849,75.635
1677193200,75.638,76.622,74.12,76.444
1677452400,76.527,76.812,75.016,75.718
1677538800,75.755,77.834,75.561,76.812
1677625200,76.837,77.866,76.171,77.725
1677711600,77.757,78.621,77.26,77.889
1677798000,77.899,79.902,75.884,79.847
1678057200,79.73,80.648,78.359,80.481
1678143600,80.501,80.949,77.121,77.213
1678230000,77.35,77.795,76.185,76.507
1678316400,76.581,78.102,75.499,75.637
1678402800,75.697,77.146,74.857,76.596
1678658400,76.756,77.508,72.375,74.714
1678744800,74.739,74.969,70.895,71.582
1678831200,71.648,72.655,65.783,68.342
1678917600,68.245,69.48,65.858,68.362
1679004000,68.431,69.796,65.393,66.498
1679263200,66.867,67.862,64.351,67.75
1679349600,67.761,69.743,66.9,69.46
1679436000,69.445,71.295,68.878,69.866
1679522400,69.94,71.66,69.146,69.444
1679608800,69.482,70.39,66.852,69.215
1679868000,69.725,73.091,69.136,72.838
1679954400,72.847,73.932,72.212,73.554
1680040800,73.629,74.37,72.784,72.801
1680127200,72.95,74.629,72.65,74.346
1680213600,74.384,75.743,73.796,75.688
1680472800,80.995,81.617,78.927,80.362
1680559200,80.437,81.764,79.596,80.95
1680645600,80.919,81.205,79.713,80.292
1680732000,80.381,80.933,79.647,80.415
1681077600,80.619,81.146,79.607,79.86
1681164000,79.861,81.518,79.367,81.341
1681250400,81.324,83.366,81.197,83.038
1681336800,82.995,83.242,81.969,82.254
1681423200,82.258,82.961,81.617,82.534
1681682400,82.401,84.518,80.432,80.879
1681768800,80.847,81.471,79.876,80.825
1681855200,80.89,81.172,78.486,78.936
1681941600,78.971,78.973,76.902,77.043
1682028000,77.052,78.304,76.651,77.857
1682287200,77.773,79.101,76.652,78.583
1682373600,78.608,78.979,76.44,77.003
1682460000,77.035,77.823,73.981,74.245
1682546400,74.361,75.185,73.947,74.691
1682632800,74.738,76.817,73.84,76.507
1682892000,76.516,76.566,74.438,75.61
1682978400,75.603,75.998,71.333,71.428
1683064800,71.456,71.682,67.89,68.039
1683151200,68.09,69.739,63.939,68.521
1683237600,68.639,71.721,68.43,71.223
1683496800,71.471,73.566,70.943,72.675
1683583200,72.757,73.674,71.254,73.404
1683669600,73.427,73.775,71.754,72.699
1683756000,72.713,73.438,70.611,71.357
1683842400,71.424,71.709,69.904,69.993
1684101600,69.992,71.636,69.353,71.224
1684188000,71.294,71.717,70.412,70.473
1684274400,70.56,73.264,70.021,72.664
1684360800,72.739,72.922,71.502,71.951
1684447200,71.955,73.512,71.147,71.807
1684706400,71.861,72.476,70.621,72.05
1684792800,72.021,73.734,71.661,73.686
1684879200,73.71,74.669,73.087,74.138
1684965600,74.161,74.32,70.984,71.767
1685052000,71.858,73.038,71.484,72.853
1685311200,73.091,73.534,72.036,72.924
1685397600,72.945,73.35,69.044,69.514
1685484000,69.677,69.703,67.08,67.579
1685570400,67.627,71.07,67.553,70.134
1685656800,70.185,72.178,70.02,71.846
1685916000,73.769,74.294,71.775,71.917
1686002400,72.022,72.359,70.204,71.447
1686088800,71.642,73.229,71.076,72.456
1686175200,72.503,73.305,69.128,70.993
1686261600,71.032,71.869,70.206,70.393
1686520800,70.238,70.515,66.919,67.413
1686607200,67.402,69.922,67.273,69.372
1686693600,69.399,70.607,68.237,68.8
1686780000,68.745,71.12,68.112,70.709
1686866400,70.714,71.989,70.155,71.602
1687125600,71.649,72.224,70.782,71.307
1687212000,71.409,72.303,69.742,70.821
1687298400,70.82,72.671,70.768,72.29
1687384800,72.345,72.604,68.939,69.487
1687471200,69.508,69.615,67.375,69.513
1687730400,69.719,70.09,68.734,69.514
1687816800,69.496,70.159,67.544,68.009
1687903200,68.025,69.763,67.108,69.16
1687989600,69.223,70.625,68.983,69.78
1688076000,69.832,71.069,69.598,70.414
1688335200,70.498,71.786,69.738,70.112
1688421600,70.18,71.385,69.934,71.288
1688508000,71.034,72.18,70.415,71.786
1688594400,71.786,72.315,70.235,71.801
1688680800,71.784,73.815,71.183,73.556
1688940000,73.692,74.035,72.629,73.088
1689026400,73.074,74.803,72.914,74.619
1689112800,74.611,75.931,74.514,75.605
1689199200,75.567,77.135,75.206,76.992
1689285600,76.951,77.078,75.029,75.085
1689544800,74.892,75.963,73.749,73.988
1689631200,74.01,75.853,73.789,75.632
1689717600,75.706,76.801,74.976,75.296
1689804000,75.24,76.093,74.468,75.61
1689890400,75.648,77.199,75.63,76.689
1690149600,76.802,79.155,76.343,78.769
1690236000,78.708,79.748,78.159,79.158
1690322400,79.158,79.584,78.401,78.735
1690408800,78.682,80.389,78.68,79.577
1690495200,79.553,80.502,78.883,80.436
1690754400,80.4,81.746,79.912,81.474
1690840800,81.477,81.944,80.348,81.868
1690927200,81.767,82.136,78.827,79.458
1691013600,79.466,81.568,78.46,81.372
1691100000,81.348,82.848,81.202,82.236
1691359200,82.416,82.869,81.203,82.118
1691445600,82.119,82.647,79.616,82.385
1691532000,82.374,84.068,82.12,83.64
1691618400,83.599,84.284,82.159,82.366
1691704800,82.393,83.235,81.788,82.485
1691964000,82.47,82.566,81.236,81.877
1692050400,81.942,82.335,79.97,80.554
1692136800,80.731,80.949,78.685,78.852
1692223200,78.852,80.58,78.565,79.504
1692309600,79.549,80.898,78.976,80.664
1692568800,80.553,81.654,79.902,80.101
1692655200,80.172,80.292,79.388,79.532
1692741600,79.562,79.804,77.54,78.43
1692828000,78.503,79.158,77.494,78.711
1692914400,78.734,80.26,78.046,79.861
1693173600,79.883,80.676,79.447,79.766
1693260000,79.76,81.172,79.162,81.051
1693346400,81.006,81.781,80.647,81.409
1693432800,81.349,83.31,81.198,83.179
1693519200,83.183,85.528,83.05,85.504
1693778400,85.41,85.664,84.802,85.489
1693864800,85.386,87.512,84.543,86.24
1693951200,86.22,87.519,85.422,87.019
1694037600,87.004,87.177,85.853,86.155
1694124000,86.189,87.348,85.619,86.646
1694383200,86.712,87.578,86.195,86.75
1694469600,86.672,88.699,86.527,88.115
1694556000,88.084,88.953,87.684,88.202
1694642400,88.116,90.195,88.034,90.086
1694728800,90.019,90.521,88.608,90.339
1694988000,90.248,91.262,89.82,90.859
1695074400,90.824,92.234,90.169,90.511
1695160800,90.403,90.815,88.766,88.99
1695247200,88.985,90.675,88.114,89.272
1695333600,89.256,90.905,88.946,89.883
1695592800,89.877,90.311,88.591,89.386
1695679200,89.309,90.16,87.704,89.96
1695765600,89.884,93.232,89.791,92.788
1695852000,92.735,93.94,90.493,90.892
1695938400,90.78,92.082,89.462,89.802
1696197600,89.904,90.85,87.61,87.733
1696284000,87.705,89.128,86.849,88.373
1696370400,88.274,88.47,83.148,83.387
1696456800,83.354,83.796,81.171,81.54
1696543200,81.25,82.14,80.604,81.625
1696802400,83.483,85.971,83.375,85.032
1696888800,85.041,85.316,83.748,84.504
1696975200,84.432,85.011,81.88,82.102
1697061600,81.982,83.913,81.42,82.402
1697148000,82.353,86.598,82.234,86.444
1697407200,86.406,86.97,85.03,85.636
1697493600,85.58,86.383,84.357,86.332
1697580000,86.331,88.467,86.167,87.017
1697666400,87.041,89.363,85.335,88.97
1697752800,88.742,89.588,87.335,88.048
1698012000,87.554,87.958,85.113,85.827
1698098400,85.836,85.991,82.734,83.429
1698184800,83.46,85.317,81.856,85.018
1698271200,84.971,85.301,82.334,83.204
1698357600,83.224,85.517,82.806,84.777
1698616800,84.729,84.788,81.491,82.244
1698703200,82.218,83.042,80.48,81.062
1698789600,81.168,83.063,80.089,80.643
1698876000,80.672,82.561,80.057,82.233
1698962400,82.37,83.318,79.914,80.59
1699225200,80.704,81.975,80.42,80.677
1699311600,80.761,80.819,76.968,76.989
1699398000,77.023,77.414,74.913,75.503
1699484400,75.546,77.043,75.154,75.556
1699570800,75.51,77.679,75.314,77.291
1699830000,77.084,78.516,76.163,78.402
1699916400,78.473,79.63,77.72,78.074
1700002800,78.05,78.643,76.419,76.598
1700089200,76.583,76.757,72.352,73.055
1700175600,73.129,76.146,72.884,76.026
1700434800,75.614,78.426,75.607,77.539
1700521200,77.597,77.904,76.909,77.782
1700607600,77.728,77.966,73.806,76.746
1700694000,76.748,76.805,75.31,76.312
1700780400,76.3,77.096,75.541,75.561
1701039600,75.282,76.225,74.127,75.044
1701126000,75.13,77.034,74.709,76.55
1701212400,76.539,78.092,75.742,77.686
1701298800,77.674,79.575,75.067,75.595
1701385200,75.641,76.743,74.017,74.416
1701644400,74.744,75.092,72.737,73.375
1701730800,73.429,74.217,72.139,72.146
1701817200,72.242,72.726,69.271,69.38
1701903600,69.5,70.602,68.978,69.764
1701990000,69.941,71.739,69.661,71.362
1702249200,71.196,71.949,70.545,71.531
1702335600,71.611,72.135,68.443,68.916
1702422000,68.96,70.086,67.94,70.044
1702508400,70.083,72.695,69.791,71.91
1702594800,71.926,72.529,70.613,72.041
1702854000,72.09,74.602,70.979,72.849
1702940400,72.883,74.433,72.131,74.139
1703026800,74.117,75.375,73.631,73.785
1703113200,73.783,74.598,72.453,73.909
1703199600,73.894,74.983,73.406,73.463
1703545200,73.591,76.188,73.169,75.412
1703631600,75.351,75.679,73.829,73.845
1703718000,73.86,74.454,71.774,72.056
1703804400,72.098,72.667,71.279,71.367
1704150000,71.853,73.691,70.16,70.538
1704236400,70.616,73.271,69.342,72.985
1704322800,73.097,74.037,71.154,72.373
1704409200,72.434,74.243,72.257,73.896
1704668400,73.897,73.935,70.182,70.969
1704754800,70.97,72.935,70.553,72.195
1704841200,72.191,73.518,71.044,71.303
1704927600,71.339,73.77,71.193,72.833
1705014000,73.069,75.241,72.448,72.807
1705273200,72.646,73.003,71.36,72.513
1705359600,72.733,73.634,71.824,71.956
1705446000,72.008,72.82,70.593,72.684
1705532400,72.708,74.15,72.09,73.787
1705618800,73.856,74.569,72.951,73.356
1705878000,73.405,75.391,72.518,74.575
1705964400,74.607,75.18,73.368,74.423
1706050800,74.464,75.766,73.905,75.257
1706137200,75.258,77.412,75.09,76.989
1706223600,77.016,78.161,75.981,78.098
1706482800,78.705,79.156,76.332,76.867
1706569200,76.862,78.015,75.781,77.628
1706655600,77.67,77.955,75.434,75.696
1706742000,75.793,76.804,73.635,73.84
1706828400,73.869,74.447,71.796,72.343
1707087600,72.806,73.252,71.427,72.787
1707174000,72.754,73.806,72.411,73.412
1707260400,73.462,74.205,73.226,74.045
1707346800,74.082,76.468,73.603,76.316
1707433200,76.294,77.145,75.859,76.461
1707692400,76.428,76.973,75.465,76.772
1707778800,76.894,78.082,76.764,77.342
1707865200,77.383,78.395,76.086,76.203
1707951600,76.204,78.017,75.479,77.483
1708038000,77.587,78.432,76.564,78.122
1708297200,78.171,78.474,77.554,78.111
1708383600,78.075,78.44,76.736,77.086
1708470000,77.029,77.923,76.22,77.865
1708556400,77.929,78.702,77.052,78.127
1708642800,78.108,78.162,76.186,76.387
1708902000,76.278,77.832,75.695,77.378
1708988400,77.406,78.669,76.955,78.367
1709074800,78.173,79.24,77.486,78.075
1709161200,77.808,78.797,77.554,77.744
1709247600,77.825,80.3,77.623,79.295
1709506800,79.321,79.867,78.175,78.381
1709593200,78.34,78.932,77.197,77.691
1709679600,77.63,79.979,77.456,78.579
1709766000,78.569,79.04,77.602,78.415
1709852400,78.887,79.416,77.136,77.487
1710108000,77.339,78.082,76.47,77.776
1710194400,77.725,78.336,77.03,77.683
1710280800,77.728,79.47,77.308,79.155
1710367200,79.183,81.02,79.138,80.456
1710453600,80.434,80.851,79.976,80.503
1710712800,80.542,82.43,80.505,82.122
1710799200,82.103,83.016,81.729,82.394
1710885600,82.413,82.525,80.736,81.302
1710972000,81.327,81.779,80.202,80.669
1711058400,80.691,81.308,80.277,80.628
1711317600,80.68,82.262,80.43,81.775
1711404000,81.75,82.117,80.948,80.972
1711490400,81.052,81.47,80.312,81.349
1711576800,81.382,82.865,81.232,82.668
1711922400,82.891,83.973,82.235,83.443
1712008800,83.505,84.984,83.363,84.849
1712095200,84.869,85.652,84.345,85.053
1712181600,85.123,86.693,84.193,86.254
1712268000,86.284,87.086,85.833,86.066
1712527200,85.418,86.442,84.079,85.83
1712613600,85.837,86.283,84.447,84.628
1712700000,84.709,85.741,83.979,85.542
1712786400,85.691,85.976,84.322,84.962
1712872800,84.939,86.999,84.756,84.797
1713132000,84.929,85.26,83.512,85.013
1713218400,85.121,85.585,84.209,84.653
1713304800,84.81,84.929,81.976,82.19
1713391200,82.255,82.766,81.01,81.732
1713477600,81.922,85.485,81.074,81.921
1713736800,81.798,82.143,80.591,81.897
1713823200,81.96,83.245,80.731,83.103
1713909600,83.16,83.441,82.214,82.529
1713996000,82.571,83.546,81.758,83.406
1714082400,83.492,84.143,83.07,83.3
1714341600,83.273,83.597,82.146,82.377
1714428000,82.501,82.987,80.662,81.115
1714514400,81.108,81.216,78.529,78.727
1714600800,78.815,79.566,78.113,78.696
1714687200,78.745,79.319,77.646,77.646
1714946400,77.857,78.79,77.649,78.335
1715032800,78.498,78.862,77.344,78.011
1715119200,78.056,78.899,76.679,78.782
1715205600,78.852,79.404,78.532,79.07
1715292000,79.162,79.524,77.715,77.715
1715551200,77.776,79.026,77.369,78.63
1715637600,78.669,78.875,77.259,77.935
1715724000,78.029,78.413,76.343,78.262
1715810400,78.321,79.266,77.715,78.754
1715896800,78.84,79.598,78.533,79.374
1716156000,79.451,80.026,78.608,79.034
1716242400,79.12,79.197,77.582,78.012
1716328800,78.012,78.292,77.04,77.048
1716415200,77.13,78.516,76.303,76.741
1716501600,76.846,77.859,76,77.537
1716760800,77.519,78.597,77.454,78.479
1716847200,78.358,80.048,78.27,79.967
1716933600,80.021,80.377,78.788,78.924
1717020000,79.061,79.152,77.454,77.574
1717106400,77.635,78.413,76.483,76.891
1717365600,76.757,77.311,74.146,74.161
1717452000,74.018,74.271,72.625,73.058
1717538400,72.989,74.464,72.963,74.454
1717624800,74.452,75.907,74.187,75.775
1717711200,75.786,76.353,75.325,75.499
1717970400,75.393,78.352,75.33,78.316
1718056800,78.189,78.406,77.286,78.228
1718143200,78.2,79.352,77.922,78.339
1718229600,78.39,78.903,77.698,77.923
1718316000,77.931,79.153,77.736,78.496
1718575200,78.389,80.403,77.954,80.343
1718661600,80.296,81.228,79.546,81.159
1718748000,81.055,81.524,80.682,81.009
1718834400,80.933,81.862,80.758,81.595
1718920800,81.631,82.124,80.693,80.921
1719180000,80.833,82.067,80.533,82.038
1719266400,82.089,82.172,80.841,81.049
1719352800,81.035,81.903,80.452,81.154
1719439200,81.095,82.297,80.77,82.07
1719525600,82.116,82.953,81.213,81.741
1719784800,81.688,83.817,81.623,83.588
1719871200,83.594,84.556,82.906,83.352
1719957600,83.171,84.101,82.621,83.779
1720044000,83.745,84.35,83.179,84.234
1720130400,84.191,84.653,83.215,83.454
1720389600,83.17,83.415,82.19,82.363
1720476000,82.328,82.555,81.335,81.905
1720562400,81.801,82.721,80.872,82.514
1720648800,82.45,83.188,81.686,82.954
1720735200,82.945,83.78,82.144,82.26
1720994400,82.287,82.564,81.459,81.986
1721080800,81.893,81.908,80.205,80.801
1721167200,80.779,82.714,80.437,82.704
1721253600,82.675,83.314,81.662,81.874
1721340000,81.901,82.345,79.593,79.665
1721599200,79.71,80.03,78.467,79.15
1721685600,79.112,79.589,77.259,78.326
1721772000,78.253,79,77.79,78.313
1721858400,78.25,79.254,76.812,79.113
1721944800,79.056,79.334,76.933,77.265
1722204000,78.025,78.309,75.987,76.55
1722290400,76.466,76.558,75.198,75.86
1722376800,75.763,79.2,75.726,79.16
1722463200,79.066,79.381,76.751,77.432
1722549600,77.331,77.763,73.433,74.643
1722808800,74.59,74.812,72.027,74.282
1722895200,74.326,74.874,72.518,73.313
1722981600,73.207,76.109,72.859,75.725
1723068000,75.694,76.746,74.841,76.313
1723154400,76.165,77.285,76.052,77.225
1723413600,76.957,80.236,76.791,79.738
1723500000,79.706,80.179,78.219,78.7
1723586400,78.677,79.109,76.829,77.196
1723672800,77.344,78.581,76.901,78.122
1723759200,78.116,78.141,75.693,76.69
1724018400,76.585,76.78,74.51,74.852
1724104800,74.778,75.383,73.568,74.126
1724191200,74.123,75.125,72.455,72.917
1724277600,72.88,74.457,72.528,73.909
1724364000,73.83,75.98,73.741,75.857
1724623200,76.012,78.387,75.838,77.93
1724709600,77.993,78.232,76.16,76.517
1724796000,76.465,76.669,74.552,75.104
1724882400,75.102,77.584,74.744,76.712
1724968800,76.545,77.222,74.009,74.279
1725228000,74.069,74.934,73.415,74.562
1725314400,74.445,74.777,70.597,70.699
1725400800,70.704,71.909,69.277,69.699
1725487200,69.679,71.221,69.191,69.748
1725573600,69.772,70.514,67.549,68.535
1725832800,68.421,69.221,67.581,69.079
1725919200,68.987,69.314,65.504,66.531
1726005600,66.514,68.151,65.816,67.533
1726092000,67.478,69.958,67.391,69.341
1726178400,69.554,70.431,68.601,69.333
1726437600,69.228,70.698,68.661,70.511
1726524000,70.464,71.771,69.57,71.038
1726610400,71.04,71.387,69.657,70.224
1726696800,70.182,72.565,70.177,72.176
1726783200,72.154,72.447,71.376,72.258
1727042400,72.186,72.696,70.381,71.617
1727128800,71.615,73.242,71.292,72.405
1727215200,72.357,72.534,70.074,70.651
1727301600,70.559,70.766,67.726,68.216
1727388000,68.22,69.38,67.799,69.36
1727647200,69.165,69.932,68.192,68.92
1727733600,68.954,72.514,66.924,71.309
1727820000,71.258,73.021,70.416,71.542
1727906400,71.45,74.577,71.047,74.193
1727992800,74.359,76.009,73.934,74.934
1728252000,74.401,77.739,73.974,77.661
1728338400,77.668,78.766,73.016,74.231
1728424800,74.095,74.712,71.827,73.625
1728511200,73.537,76.479,73.537,75.834
1728597600,75.934,76.231,74.726,75.646
1728856800,74.96,74.992,71.906,71.971
1728943200,71.612,72.162,69.767,71.063
1729029600,70.962,71.284,69.659,70.691
1729116000,70.609,71.076,69.475,70.737
1729202400,70.729,71.222,68.721,69.367
1729461600,69.31,70.892,68.972,70.268
1729548000,70.397,72.572,69.832,71.774
1729634400,71.8,72.178,70.592,71.499
1729720800,71.431,72.773,70.203,70.786
1729807200,70.748,72.333,70.394,72.101
1730066400,68.664,69.23,67.284,68.377
1730152800,68.322,68.854,67.064,67.821
1730239200,67.703,69.487,67.626,69.417
1730325600,69.298,71.07,68.595,70.817
1730412000,70.858,71.71,69.606,69.621
1730674800,70.826,72.031,70.476,71.934
1730761200,71.87,72.865,71.504,72.194
1730847600,72.21,72.801,69.926,72.039
1730934000,71.96,73.028,70.829,72.335
1731020400,72.316,72.396,70.143,70.55
1731279600,70.294,70.639,68.019,68.212
1731366000,68.182,69.199,67.82,68.016
1731452400,68.009,68.911,66.989,68.097
1731538800,68.103,69.411,67.952,68.658
1731625200,68.578,68.691,66.89,67.058
1731884400,66.895,69.52,66.695,69.256
1731970800,69.198,69.893,68.633,69.431
1732057200,69.429,70.096,68.787,69.164
1732143600,68.978,70.305,68.795,69.855
1732230000,70.055,71.365,69.195,70.835
1732489200,71.265,71.265,68.625,68.745
1732575600,68.885,70.155,67.925,68.635
1732662000,68.785,69.215,68.015,68.405
1732748400,68.575,69.135,68.115,68.855
1732834800,68.705,69.515,68.085,68.445
1733094000,67.885,68.945,67.565,67.815
1733180400,68.005,69.995,67.745,69.535
1733266800,69.675,70.255,68.265,68.265
1733353200,68.435,68.885,67.765,67.965
1733439600,68.145,68.215,66.775,66.775
1733698800,66.955,68.645,66.905,67.725
1733785200,67.905,68.775,67.505,67.985
1733871600,68.175,70.135,68.145,69.765
1733958000,69.975,70.305,68.775,69.455
1734044400,69.635,70.955,69.495,70.445
1734303600,70.655,70.745,69.975,70.025
1734390000,70.195,70.495,68.805,69.595
1734476400,69.745,70.735,69.195,69.195
1734562800,69.435,70.495,69.025,69.025
1734649200,68.945,69.745,68.365,69.255
1734908400,69.305,69.815,68.485,69.245
1734994800,69.345,70.265,69.215,69.905
1735167600,70.045,70.555,69.185,69.285
1735254000,69.465,70.565,69.265,69.875
1735513200,70.145,71.305,69.945,70.725
1735599600,70.865,71.745,70.635,71.415
1735772400,71.515,73.385,71.505,72.535
1735858800,72.675,73.815,72.345,73.385
1736118000,73.525,74.445,72.755,72.805
1736204400,72.935,74.005,72.685,73.715
1736290800,73.965,74.635,72.665,72.715
1736377200,72.715,73.695,72.315,73.515
1736463600,73.615,76.985,73.415,75.615
1736722800,75.885,77.785,75.855,77.135
1736809200,77.265,77.575,76.265,76.735
1736895600,76.775,79.355,76.155,78.935
1736982000,78.945,79.105,76.865,77.645
1737068400,77.735,78.395,77.015,77.055
1737327600,77.365,77.715,75.725,76.205
1737414000,76.105,77.005,74.925,75.585
1737500400,75.755,76.265,75.055,75.065
1737586800,75.195,75.805,73.925,73.925
1737673200,74.115,74.995,73.595,74.165
1737932400,74.225,74.835,72.175,72.645
1738018800,72.865,73.975,72.655,73.405
1738105200,73.545,73.675,72.055,72.505
1738191600,72.655,73.465,71.705,72.745
1738278000,72.945,73.385,71.655,73.205
1738537200,74.205,74.515,71.715,71.765
1738623600,71.925,73.015,70.405,72.245
1738710000,72.425,72.665,70.715,70.715
1738796400,70.825,71.605,70.165,70.165
1738882800,70.295,71.165,70.265,70.655
1739142000,70.715,72.255,70.635,71.985
1739228400,72.135,73.365,71.955,72.775
1739314800,72.945,72.995,70.875,70.875
1739401200,71.085,71.325,70.145,71.165
1739487600,71.355,71.865,70.315,70.315
1739746800,70.655,71.325,70.115,71.285
1739833200,71.355,72.005,70.885,71.565
1739919600,71.715,72.855,71.665,71.885
1740006000,72.025,73.085,71.675,72.345
1740092400,72.475,72.705,69.985,69.985
1740351600,70.085,70.845,69.965,70.625
1740438000,70.825,71.155,68.595,68.825
1740524400,69.005,69.185,68.285,68.515
1740610800,68.635,70.355,68.475,69.765
1740697200,69.935,70.065,68.985,69.585
1740956400,69.745,70.375,67.735,68.055
1741042800,68.165,68.215,66.535,67.605
1741129200,67.725,67.815,64.995,65.935
1741215600,66.085,66.705,65.365,65.835
1741302000,65.965,67.935,65.275,66.635
1741557600,66.485,67.315,65.455,65.455
1741644000,65.455,66.845,65.025,66.115
1741730400,66.285,67.565,65.845,67.235
1741816800,67.415,67.655,66.115,66.295
1741903200,66.515,67.175,66.325,66.705
1742162400,67.295,68.065,67.005,67.045
1742248800,67.095,68.455,66.345,66.345
1742335200,66.615,67.385,66.055,66.815
1742421600,67.015,68.285,66.575,68.105
1742508000,68.385,68.505,67.575,68.015
1742767200,68.225,69.215,67.835,68.835
1742853600,69.035,69.535,68.395,68.865
1742940000,69.115,70.035,68.905,69.585
1743026400,69.545,69.785,68.965,69.555
1743112800,69.365,69.875,68.615,68.635
1743372000,69.025,71.555,68.615,70.935
1743458400,71.065,71.795,70.685,70.695
1743544800,70.875,71.885,70.135,70.215
1743631200,69.855,69.965,65.725,66.125
1743717600,66.135,66.505,60.235,61.915
1743976800,60.555,63.595,58.735,60.555
1744063200,60.655,61.435,57.605,57.685
1744149600,57.875,62.455,54.735,62.065
1744236000,62.195,62.725,58.365,59.655
1744322400,59.705,61.285,58.975,60.775
1744581600,61.085,62.115,60.155,60.915
1744668000,61.075,61.575,60.395,60.785
1744754400,60.895,62.265,59.845,61.735
1744840800,61.915,64.135,61.905,63.495
1745186400,63.405,63.585,61.665,62.415
1745272800,62.595,64.225,62.555,63.205
1745359200,63.695,64.695,61.345,61.915
1745445600,62.055,63.115,60.795,62.395
1745532000,62.585,63.135,61.595,62.745
1745791200,62.915,63.515,61.235,61.445
1745877600,61.635,61.765,59.695,59.695
1745964000,59.875,60.125,57.635,57.735
1746050400,57.885,59.175,56.105,58.495
1746136800,58.545,59.515,57.445,57.925
1746396000,56.145,57.405,54.975,56.765
1746482400,56.875,59.505,56.765,58.495
1746568800,58.675,59.885,57.485,57.485
1746655200,57.595,59.905,57.435,59.745
1746741600,59.905,61.055,59.535,60.465
1747000800,60.955,63.165,60.595,61.395
1747087200,61.555,63.465,61.235,63.015
1747173600,63.175,63.225,62.205,62.205
1747260000,62.325,62.425,60.065,61.025
1747346400,61.145,62.125,60.725,61.705
1747605600,61.825,62.625,60.925,61.875
1747692000,61.975,62.515,61.295,61.945
1747778400,62.085,63.995,61.015,61.015
1747864800,61.145,61.575,60.105,60.455
1747951200,60.575,61.645,59.835,61.375
1748210400,61.515,61.865,61.035,61.305
1748296800,61.255,61.625,60.075,60.675
1748383200,60.815,62.275,60.595,61.405
1748469600,61.495,62.765,60.255,60.395
1748556000,60.465,61.335,59.415,60.085
1748815200,60.505,63.245,60.455,62.275
1748901600,62.355,63.255,61.835,62.615
1748988000,62.795,63.305,61.595,61.945
1749074400,62.085,63.295,61.885,62.435
1749160800,62.545,64.065,62.185,63.895
1749420000,64.065,64.585,63.475,64.335
1749506400,64.505,65.305,63.635,63.645
1749592800,63.805,67.235,63.665,66.995
1749679200,67.595,67.725,65.605,67.365
1749765600,67.415,74.615,67.095,71.395
1750024800,73.185,73.365,67.815,69.845
1750111200,69.545,73.705,69.455,73.455
1750197600,73.595,74.075,71.135,72.705
1750284000,72.605,75.525,72.385,73.585
1750370400,73.295,73.995,72.065,73.555
1750629600,75.545,75.795,66.335,66.775
1750716000,67.235,67.445,63.715,64.495
1750802400,64.715,65.575,64.135,64.305
1750888800,64.465,65.895,63.995,64.525
1750975200,64.715,65.485,64.225,64.325
1751234400,64.445,65.185,63.895,64.205
1751320800,64.295,65.285,63.495,64.705
1751407200,64.805,66.785,64.535,66.535
1751493600,66.555,66.675,65.395,66.135
1751580000,66.195,66.255,64.695,65.645
1751839200,64.795,67.385,64.675,66.805
1751925600,66.895,67.965,66.405,67.075
1752012000,67.165,67.915,66.745,67.105
1752098400,67.175,67.615,65.535,65.685
1752184800,65.885,67.625,65.505,67.395
1752444000,67.475,68.355,65.615,65.615
1752530400,65.785,66.135,65.285,65.425
1752616800,65.585,65.825,64.425,65.235
1752703200,65.345,66.345,64.795,66.095
1752789600,66.195,67.465,65.595,65.765
1753048800,65.895,66.305,65.145,65.465
1753135200,65.625,65.705,64.695,65.115
1753221600,65.275,65.575,64.575,65.045
1753308000,65.225,66.165,64.695,65.735
1753394400,65.825,66.385,64.615,64.635
1753653600,64.795,66.845,64.745,66.485
1753740000,66.705,69.365,66.095,68.695
1753826400,68.885,69.995,68.025,69.615
1753912800,69.745,69.845,68.065,68.655
1753999200,68.745,68.955,66.415,66.445
1754258400,66.115,67.045,64.905,65.445
1754344800,65.565,65.755,64.195,64.375
1754431200,64.505,66.025,63.025,63.415
1754517600,63.735,64.415,62.995,62.995
1754604000,63.125,63.875,62.115,62.525
1754863200,62.675,63.685,62.345,63.095
1754949600,63.255,63.595,62.285,62.285
1755036000,62.285,62.655,61.345,61.885
1755122400,62.075,63.195,61.875,62.845
1755208800,62.965,63.255,61.855,62.095
1755468000,61.965,62.965,60.995,62.345
1755554400,62.465,62.585,61.595,61.735
1755640800,61.865,62.935,61.735,62.575
1755727200,62.745,63.575,62.455,63.185
1755813600,63.325,63.795,63.195,63.465
1756072800,63.675,64.945,63.385,64.405
1756159200,64.505,64.565,62.945,62.945
1756245600,63.125,64.005,62.775,63.455
1756332000,63.565,64.425,63.155,63.865
1756418400,63.925,64.295,63.555,63.555
1756677600,63.635,64.615,63.345,64.375
1756764000,64.245,65.675,63.755,65.135
1756850400,65.215,65.395,63.325,63.325
1756936800,63.575,63.575,62.505,62.845
1757023200,62.975,63.195,61.195,61.495
1757282400,61.705,63.035,61.545,61.965
1757368800,62.105,63.325,61.595,62.305
1757455200,62.445,63.765,61.695,63.285
1757541600,63.415,63.505,61.815,61.815
1757628000,61.995,63.675,61.435,62.155
1757887200,62.535,63.395,62.265,62.825
1757973600,62.995,64.395,62.495,63.985
1758060000,64.135,64.295,63.345,63.415
1758146400,63.575,64.165,62.995,63.085
1758232800,63.245,63.305,62.105,62.105
1758492000,62.245,62.915,61.555,62.075
1758578400,62.225,63.775,61.755,63.345
1758664800,63.505,64.885,63.135,64.465
1758751200,64.565,65.145,63.905,64.825
1758837600,65.005,66.175,64.455,64.775
1759096800,64.805,65.175,62.775,62.775
1759183200,62.925,63.045,61.815,62.045
1759269600,62.275,62.675,61.215,61.395
1759356000,61.555,62.285,60.205,60.285
1759442400,60.475,61.165,60.285,60.285
1759701600,60.905,61.835,60.805,61.295
1759788000,61.505,61.785,60.495,61.525
1759874400,61.825,62.485,61.195,61.705
1759960800,61.905,62.435,60.845,60.935
1760047200,61.085,61.255,57.695,57.695
1760306400,58.785,59.735,58.685,58.965
1760392800,59.165,59.405,57.315,58.005
1760479200,58.195,58.935,57.785,58.115
1760565600,58.295,58.615,56.725,56.725
1760652000,56.965,57.295,56.135,57.005
1760911200,57.185,57.405,55.955,56.705
1760997600,56.835,57.995,56.305,57.345
1761084000,57.495,59.765,57.295,59.115
1761170400,59.785,62.055,59.555,61.385
1761256800,61.515,62.375,61.025,61.075
1761516000,61.605,61.965,60.505,61.155
1761602400,61.265,61.275,59.605,59.815
1761688800,60.015,60.825,59.495,59.995
1761775200,60.175,60.595,59.475,59.905
1761861600,60.065,61.155,59.785,60.485
1762124400,60.815,61.275,60.335,60.645
1762210800,60.815,60.825,59.775,60.065
1762297200,60.235,60.885,59.295,59.295
1762383600,59.515,60.335,58.745,59.205
1762470000,59.515,60.325,59.225,59.495
1762729200,59.765,60.335,59.325,59.745
1762815600,59.905,61.195,59.395,60.785
1762902000,60.955,61.005,58.245,58.245
1762988400,58.385,59.135,58.085,58.345
1763074800,58.645,60.465,58.645,59.595
1763334000,59.645,60.275,59.205,59.445
1763420400,59.645,60.815,59.245,60.345
1763506800,60.505,60.645,58.635,59.175
1763593200,59.305,60.025,58.505,58.505
1763679600,58.665,58.665,57.315,57.725
1763938800,57.915,58.975,57.355,58.595
1764025200,58.805,58.835,57.025,57.825
1764111600,57.935,58.625,57.395,58.255
1764198000,58.415,59.035,57.755,59.005
1764284400,58.855,59.465,58.315,59.395
1764543600,58.575,59.745,58.575,59.165
1764630000,59.355,59.495,58.155,58.245
1764716400,58.455,59.445,58.075,58.715
1764802800,58.885,59.795,57.795,59.285
1764889200,59.435,60.235,58.195,59.715
1765148400,59.925,60.085,58.465,58.465
1765234800,58.655,58.975,58.005,58.065
1765321200,58.245,58.865,57.535,58.585
1765407600,58.735,58.765,56.865,57.565
1765494000,57.775,58.005,56.975,57.145
1765753200,57.325,57.605,56.235,56.315
1765839600,56.505,56.515,54.855,54.855
1765926000,55.105,56.795,55.095,56.515
1766012400,56.705,56.785,55.675,55.675
1766098800,55.825,56.675,55.585,56.305
1766358000,56.585,58.075,56.585,57.715
1766444400,57.885,58.465,57.685,58.185
1766530800,58.315,58.655,58.035,58.255
1766703600,58.235,58.725,56.545,56.655
1766962800,56.815,58.175,56.785,57.515
1767049200,57.625,58.345,57.485,57.655
1767135600,57.795,58.415,57.095,57.095
1767308400,57.255,57.785,56.495,57.005
1767567600,57.215,58.315,56.175,57.975
1767654000,58.125,58.655,56.635,56.635
1767740400,56.785,57.035,55.665,56.105
1767826800,56.285,58.605,55.895,58.085
1767913200,58.135,59.595,57.485,58.435
1768172400,59.015,59.635,58.315,59.455
1768258800,59.585,61.225,59.275,60.665
1768345200,60.815,62.175,59.055,60.745
1768431600,60.795,60.905,58.755,58.975
1768518000,59.125,60.015,58.785,59.025
1768777200,58.715,59.525,58.535,59.375
1768863600,59.325,60.455,58.685,59.295
1768950000,59.545,60.815,59.175,60.455
1769036400,60.605,60.735,58.915,59.445
1769122800,59.615,61.255,59.455,61.015
1769382000,60.995,61.595,60.255,60.575
1769468400,60.685,62.475,60.065,62.265
1769554800,62.415,63.395,61.935,63.165
1769641200,63.325,66.235,63.115,65.095
1769727600,65.265,65.835,63.375,65.265
1769986800,64.135,64.135,61.195,61.905
1770073200,61.965,63.925,60.865,63.475
1770159600,63.475,65.225,62.605,64.045
1770246000,64.255,64.405,62.475,62.775
1770332400,62.935,64.365,62.065,63.165
1770591600,62.655,64.685,62.475,64.105
1770678000,64.305,64.525,63.515,63.875
1770764400,64.025,65.635,64.005,64.575
1770850800,64.685,64.925,62.235,62.565
1770937200,62.805,63.085,61.995,62.495
1771196400,62.945,63.685,62.355,63.575
1771282800,63.535,63.945,61.755,62.025
1771369200,62.135,65.395,62.045,64.755
1771455600,64.835,66.805,64.695,66.485
1771542000,66.525,66.985,65.785,66.085
1771801200,65.755,67.225,65.365,66.075
1771887600,66.265,67.085,65.515,65.865
1771974000,66.035,66.535,65.095,65.355
1772060400,65.645,66.635,63.585,65.235
1772146800,65.295,67.745,64.825,67.065
1772406000,72.105,73.075,69.205,70.735
1772492400,70.915,77.185,70.115,74.225
1772578800,73.975,76.535,72.695,75.215
1772665200,75.065,80.525,74.245,77.695
1772751600,77.865,89.655,76.975,89.045
1773007200,99.025,112.585,79.305,82.845
1773093600,82.245,88.785,75.585,84.815
1773180000,84.865,87.435,80.195,86.945
1773266400,87.275,95.475,86.935,94.865
1773352800,94.925,97.415,91.095,96.965
1773612000,99.825,99.825,91.695,92.985
1773698400,92.845,97.575,92.835,94.985
1773784800,94.895,99.545,91.255,98.545
1773871200,97.825,100.085,91.835,94.005
1773957600,93.985,98.205,92.045,97.205
1774216800,99.615,100.945,83.955,88.025
1774303200,88.105,92.625,85.805,87.485
1774389600,87.815,90.675,85.795,90.205
1774476000,90.385,94.175,88.495,92.415
1774562400,91.735,99.015,90.835,98.695
1774821600,99.325,102.245,97.315,101.665
1774908000,101.595,103.355,96.305,97.215
1774994400,97.505,98.775,92.405,93.905
1775080800,93.605,104.985,92.455,103.555
1775426400,103.545,106.365,100.505,103.465
1775512800,103.105,106.575,100.325,100.905
1775599200,98.825,98.925,85.525,90.925
1775685600,91.305,95.135,89.805,91.695
1775772000,91.835,93.385,89.875,90.035
1776031200,97.085,98.065,91.875,92.425
1776117600,92.505,93.105,88.275,88.775
1776204000,89.075,90.525,84.825,87.945
1776290400,88.055,91.735,87.275,89.345
1776376800,89.535,90.065,78.845,83.605
1776636000,88.435,88.445,85.105,85.295
1776722400,85.395,91.555,85.155,89.415
1776808800,89.255,92.715,86.935,91.725
1776895200,91.485,96.965,91.125,95.415
1776981600,94.705,96.155,91.265,93.115
1777240800,93.765,95.805,92.815,94.695
1777327200,94.565,99.425,94.265,97.255
1777413600,97.195,105.375,96.075,105.055
1777500000,105.245,107.285,100.285,102.295
1777586400,102.105,103.355,96.515,99.265
1777845600,96.305,103.795,96.275,102.105
1777932000,101.915,102.425,98.665,99.645
1778018400,99.615,99.645,86.865,93.075
1778104800,92.935,94.855,87.485,94.275
1778191200,94.355,94.375,90.945,91.485
1778450400,95.285,96.835,93.285,95.185
1778536800,94.935,99.305,94.565,98.405
1778623200,98.585,99.245,96.525,96.755
1778709600,96.935,98.065,95.055,97.535
1778796000,97.415,101.285,96.555,100.645
1779055200,100.745,104.675,98.225,101.795
1779141600,101.705,104.105,101.415,103.095
1779228000,103.095,103.475,96.185,97.995
1779314400,97.895,101.585,94.945,96.965
1779400800,96.785,98.375,93.805,95.785
1779660000,91.435,91.775,88.675,89.495
1779746400,90.055,93.505,89.455,92.185
1779832800,92.095,92.375,86.755,88.115
1779919200,87.735,91.195,86.285,87.435
1780005600,87.595,87.985,85.365,86.595
1780264800,87.765,93.135,87.765,90.685
1780351200,90.765,92.135,88.515,91.425
1780437600,91.805,94.815,91.745,93.915
1780524000,93.555,93.685,90.075,90.745
1780610400,90.715,91.485,87.975,88.285
1780869600,91.105,93.415,88.875,89.495
1780956000,89.705,89.865,84.815,87.105
1781042400,87.985,90.315,86.085,90.025
1781128800,90.275,91.815,84.485,84.855
1781215200,84.955,85.675,81.775,82.635
1781474400,79.585,80.315,78.455,79.605
1781560800,79.795,80.085,74.685,75.565
1781647200,75.635,79.005,74.005,74.715
1781733600,74.825,75.915,72.735,75.165
1781820000,75.255,76.615,74.855,76.395
1782079200,77.655,77.875,73.085,73.655
1782165600,73.885,74.205,72.295,72.645
1782252000,72.925,72.975,69.315,69.315
1782338400,69.775,72.325,68.765,70.875
1782424800,71.285,71.645,68.435,69.665
1782684000,70.375,70.915,69.145,69.855
1782770400,70.245,71.385,69.085,69.475
1782856800,69.845,69.995,67.555,67.555
1782943200,68.005,68.725,67.025,67.985
1783029600,68.195,69.195,68.015,68.695
1783288800,68.675,69.115,67.765,68.155
1783375200,68.565,72.295,68.565,71.575
1783461600,72.085,75.705,71.575,74.035
1783548000,74.655,74.795,71.245,71.245
1783634400,71.565,72.895,70.675,70.975
1783893600,73.385,78.345,72.505,77.355
1783980000,77.845,80.535,77.415,78.715
1784066400,79.005,80.155,77.785,79.295
1784152800,79.345,80.285,78.005,78.435
1784239200,78.865,82.035,77.915,81.705
1784498400,82.875,84.375,79.455,81.825
1784584800,82.175,84.715,81.185,83.745
1784671200,84.165,87.915,84.055,85.425
1784757600,87.095,92.435,86.655,90.645
1784844000,91.255,91.555,86.825,89.485
1785103200,86.935,86.935,82.339,82.631
1785189600,82.646,83.135,78.461,79.75
1785276000,80.598,86.289,80.598,85.328
1785362400,85.301,86.617,83.663,84.586
1785448800,84.509,87.038,81.823,86.534
1785708000,79.949,81.807,78.95,80.539
1785794400,80.508,82.828,75.547,75.562
1785880800,75.559,77.139,74.654,75.798